Unnamed: 0,Unnamed: 1,Unnamed: 2,Unnamed: 3,Unnamed: 4,Unnamed: 5,Unnamed: 6,Unnamed: 7,Unnamed: 8,Unnamed: 9,Unnamed: 10,Unnamed: 11,Unnamed: 12,Unnamed: 13,Unnamed: 14,Unnamed: 15,Unnamed: 16
,Физические лица,,,,Юридические лица,,,,Совокупный объем открытых позиций,,,,,,,
,Длинные позиции,Короткие позиции,"Количество лиц, имеющих открытые длинные позиции","Количество лиц, имеющих открытые короткие позиции",Длинные позиции,Короткие позиции,"Количество лиц, имеющих открытые длинные позиции","Количество лиц, имеющих открытые короткие позиции",,,,,,,,
Дата,(позиции покупателя),(позиции продавца),,,(позиции покупателя),(позиции продавца),,,,,Close,,Lons/Short физ.,Lons/Short юр.,% Long у физ.от общ.Long,% Short у физ.от общ.Sort
2019-07-10 00:00:00,124064,69173,2201,2102,193295,248186,65,49,634718,,243.76,,1.7935321585011492,0.7788311991812592,39.092636414911816,21.796451337444346
2019-07-11 00:00:00,94999,86868,2046,2216,199964,208095,46,77,589926,,241.3,,1.093601786618778,0.9609264999159038,32.207090380827424,29.45047344921227
2019-07-12 00:00:00,98017,78700,2217,1969,199302,218619,49,79,594638,,237.02,,1.2454510800508258,0.9116407997475059,32.9669479582536,26.46988588014893
2019-07-15 00:00:00,100469,70168,2102,2020,194964,225265,66,62,590866,,235.27,,1.4318350245125984,0.8654873149401816,34.00737222991338,23.750901219565858
2019-07-16 00:00:00,100938,66447,2152,2079,189428,223919,49,74,580732,,234.75,,1.5190753532890875,0.8459666218587971,34.762334433094786,22.883877588973917
2019-07-17 00:00:00,95590,70722,2101,2079,185452,210320,66,58,562084,,234.63,,1.351630327196629,0.8817611259033853,34.01270984408025,25.164210331551867
2019-07-18 00:00:00,102767,67455,2087,2103,189690,225002,72,60,584914,,234.78,,1.5234897338966717,0.8430591728073529,35.13918285423156,23.06492920326749
2019-07-19 00:00:00,100913,87403,2199,2162,187219,200729,56,79,576264,,232.85,,1.1545713533860393,0.9326953255384125,35.02318381852762,30.334360640262105
2019-07-22 00:00:00,108573,61325,2208,2089,176759,224007,61,77,570664,,230.35,,1.7704525071341215,0.7890780198833072,38.05146285730307,21.492506974331658
2019-07-23 00:00:00,113764,60490,2292,2125,175904,229178,66,72,579336,,232.48,,1.8807075549677632,0.7675431324123607,39.273927392739274,20.882527583302263
2019-07-24 00:00:00,107835,60729,2228,2098,177594,224700,57,75,570858,,230.65,,1.7756755421627228,0.7903604806408545,37.77997330334339,21.276394479888168
2019-07-25 00:00:00,116278,50309,2245,1863,176864,242833,70,63,586284,,232.9,,2.3112763123894333,0.7283359345723193,39.66610038820777,17.161989752406683
2019-07-26 00:00:00,108991,57943,2182,1842,181189,232237,61,70,580360,,230.55,,1.8810037450598,0.7801900644600128,37.559790474877666,19.967950927010822
2019-07-29 00:00:00,118791,49561,2247,1937,177397,246627,73,59,592376,,232.8,,2.3968644700470128,0.719292697068853,40.10662147014734,16.732953394465678
2019-07-30 00:00:00,131843,50515,2387,1943,177400,258728,80,56,618486,,236,,2.6099772344848065,0.6856621625800068,42.63410974541056,16.335050429597437
2019-07-31 00:00:00,112617,50523,2480,1832,182797,244891,63,70,590828,,233.49,,2.22902440472656,0.7464422947352087,38.121754554625035,17.102439288591604
2019-08-01 00:00:00,141069,58263,2976,1819,183225,266031,68,79,648588,,229.5,,2.4212450440245097,0.6887355233036752,43.500342282003366,17.96610483080168
2019-08-02 00:00:00,149984,64392,2897,1730,185447,271039,64,75,670862,,220.81,,2.3292334451484655,0.6842078077324666,44.71381595618771,19.196794571759916
2019-08-05 00:00:00,157532,54684,3041,1845,182431,285279,73,72,679926,,222.24,,2.8807695121059176,0.6394827519726303,46.33798383941782,16.085279868691593
2019-08-06 00:00:00,157354,51231,3077,1859,188978,295101,87,61,692664,,226.01,,3.0714606390661903,0.6403841396674359,45.43443863114006,14.792453483940266
2019-08-07 00:00:00,146904,70619,2905,1856,183317,259602,59,73,660442,,222.25,,2.080233364958439,0.7061463316923599,44.48657111449605,21.385375248697088
2019-08-08 00:00:00,143509,56829,2902,1813,182898,269578,62,72,652814,,223.93,,2.525277587147407,0.6784604084903071,43.96627523306792,17.410472201882925
2019-08-09 00:00:00,155345,62744,2991,1753,183709,276310,54,82,678108,,220.67,,2.4758542649496365,0.6648655495638957,45.81718546308258,18.50560677650168
2019-08-12 00:00:00,155220,56790,3077,1821,184487,282917,54,76,679414,,222.3,,2.7332276809297413,0.6520887751531368,45.69231720276591,16.717347596605308
2019-08-13 00:00:00,178290,46454,3167,1538,180178,312014,76,60,716936,,223.18,,3.837990269944461,0.5774676777324095,49.73665710746845,12.959036789894773
2019-08-14 00:00:00,174338,65446,3262,1680,187062,295954,49,85,722800,,217.11,,2.6638450019863704,0.6320644424471371,48.23962368566685,18.10902047592695
2019-08-15 00:00:00,174735,54020,3242,1666,189534,310249,55,78,728538,,214.59,,3.234635320251759,0.6109093018833259,47.968671503751345,14.829700029373896
2019-08-16 00:00:00,168162,45047,3224,1613,190571,313686,65,70,717466,,215.05,,3.7330343863076343,0.6075215342731266,46.8766464194819,12.557250099656288
2019-08-19 00:00:00,166686,44681,3340,1672,191107,313112,72,62,715586,,217.4,,3.7305789933081175,0.6103470962467105,46.58727252908805,12.487946941387898
2019-08-20 00:00:00,173752,47348,3279,1660,188180,314584,56,77,723864,,216,,3.6696798175213314,0.5981868117895379,48.00680790866792,13.082015406208903
2019-08-21 00:00:00,186286,44505,3328,1826,188787,330568,78,64,750146,,218.62,,4.185731940231435,0.5710988359429829,49.66659823554348,11.865690145651646
2019-08-22 00:00:00,176502,48961,3180,1765,191393,318934,77,59,735790,,219.5,,3.604950879271257,0.6001022155054023,47.97618885823401,13.30841680370758
2019-08-23 00:00:00,171055,46955,2884,1657,188492,312592,79,52,719094,,219.5,,3.642956021722926,0.6029968777191995,47.57514316626199,13.059488745560385
2019-08-26 00:00:00,158338,51065,2894,1786,188870,296143,69,64,694416,,218.5,,3.1007147752863995,0.6377662142951209,45.60321190755973,14.707322411925993
2019-08-27 00:00:00,161519,56685,2895,1865,190337,295171,55,73,703712,,217.89,,2.8494134250683603,0.6448363829780026,45.90485880587513,16.110283752444182
2019-08-28 00:00:00,164377,48426,2975,1769,187352,303303,68,63,703458,,218.3,,3.394395572626275,0.6177057266166177,46.73399122619972,13.767986148426772
2019-08-29 00:00:00,181163,44475,3112,1699,185322,322010,83,56,732970,,221.5,,4.07336706014615,0.5755162883140276,49.432582506787455,12.135558071953833
2019-08-30 00:00:00,174098,52845,2887,1833,188503,309756,89,54,725202,,224.2,,3.294502791181758,0.6085531837962783,48.013656884564575,14.573870452646299
2019-09-02 00:00:00,175194,61285,2924,1975,188664,302573,90,51,727716,,226.68,,2.8586766745533163,0.6235321724013709,48.14900318256023,16.84310912498832
2019-09-03 00:00:00,158934,57514,2908,1801,183663,285083,66,64,685194,,224,,2.7633967381854854,0.6442439570230424,46.3909491326544,16.787654299366313
2019-09-04 00:00:00,173475,52044,3116,1644,181052,302483,88,49,709054,,227.1,,3.3332372607793403,0.5985526459338211,48.931393095589335,14.67984102762272
2019-09-05 00:00:00,156473,58357,2767,1841,200186,298302,87,51,713318,,230.79,,2.681306441386637,0.6710850078108762,43.87187761979931,16.36212741021536
2019-09-06 00:00:00,148116,56774,2622,1891,193191,284533,79,51,682614,,229.02,,2.6088702575122413,0.678975725135573,43.39670736316572,16.634291122068987
2019-09-09 00:00:00,149065,66325,2703,1851,188218,270958,72,61,674566,,229,,2.2474934036939316,0.6946390215457746,44.1958236851546,19.664495394075598
2019-09-10 00:00:00,189520,55721,2732,1801,189465,323264,95,51,757970,,233.3,,3.4012311336838894,0.586099905959216,50.007256223861106,14.702692718709184
2019-09-11 00:00:00,173341,80557,2649,1776,198760,291544,96,45,744202,,234.72,,2.151780726690418,0.6817495815382927,46.584395097030104,21.649229644639494
2019-09-12 00:00:00,158044,55273,2489,1753,198781,301552,74,54,713650,,234.57,,2.859334575651765,0.6591931076563909,44.29173964828698,15.490226301408253
2019-09-13 00:00:00,154405,52028,2492,1829,196489,298866,76,60,701788,,233,,2.967728915199508,0.6574484886203181,44.00331724110415,14.827269773777834
2019-09-16 00:00:00,158107,45969,2557,1681,197354,309492,73,55,710922,,235.32,,3.4394265700798363,0.6376707637031006,44.47942249642014,12.932220412365913
2019-09-17 00:00:00,136508,53974,2311,1771,216156,298690,72,52,705328,,235.89,,2.529143661763071,0.7236800696374167,38.70766508631445,15.304652587165121
2019-09-18 00:00:00,118393,57202,2069,1842,263509,324700,60,62,763804,,235.3,,2.0697353239397223,0.8115460425007699,31.000885043807052,14.978188121559983
2019-09-19 00:00:00,94264,41233,1668,1494,290502,343533,61,46,769532,,234.98,,2.286130041471637,0.8456305507767813,24.499046173518447,10.716383464235406
2019-09-20 00:00:00,96194,57946,1706,1531,207666,245914,43,55,607720,,232,,1.6600628171055811,0.844465951511504,31.657342197064438,19.06996643190943
2019-09-23 00:00:00,105427,52395,1960,1670,206738,259770,38,61,624330,,229.7,,2.0121576486305943,0.7958501751549447,33.77284448929252,16.784392869155734
2019-09-24 00:00:00,121321,49700,2067,1645,198443,270064,44,58,639528,,227.5,,2.4410663983903422,0.7347998992831329,37.94079383545365,15.542712750653607
2019-09-25 00:00:00,125929,40387,2181,1613,192077,277619,53,49,636012,,228.09,,3.118057790873301,0.6918726744206989,39.59956730376156,12.700074841355194
2019-09-26 00:00:00,119569,44112,1900,1832,187284,262741,45,54,613706,,229.09,,2.7105776206021037,0.7128084311165749,38.96621509322053,14.375613078575084
2019-09-27 00:00:00,118986,50410,1938,1822,187888,256464,44,55,613748,,228.05,,2.360365006943067,0.7326096450184041,38.7735683049069,16.426937440122007
2019-09-30 00:00:00,120885,48978,2083,1885,187074,258981,41,55,615918,,227.71,,2.4681489648413573,0.7223464269579621,39.25360194051806,15.904065151529911
2019-10-01 00:00:00,124823,48998,2205,1786,188122,263947,47,60,625890,,226.49,,2.54751214335279,0.712726418561302,39.886561536372206,15.6570643403793
2019-10-02 00:00:00,130566,65898,2196,1823,193808,258476,86,58,648748,,223.5,,1.9813347901302012,0.749810427273712,40.251684783613975,20.315438352025748
2019-10-03 00:00:00,132970,49623,2159,1699,193988,277335,97,51,653916,,224.08,,2.6796042157870343,0.6994717579822237,40.66883208240814,15.177178720202594
2019-10-04 00:00:00,136876,50465,2392,1570,196812,283223,89,54,667376,,222.76,,2.7122956504508076,0.6949011909343521,41.019155618422,15.12340869315049
2019-10-07 00:00:00,141756,53928,2355,1840,196580,284408,113,43,676672,,227.55,,2.62861593235425,0.6911901212342831,41.89799489265109,15.939184715785492
2019-10-08 00:00:00,122661,53088,2341,1816,204743,274316,98,50,654808,,226.03,,2.3105221518987342,0.7463764417678881,37.46472248353716,16.2148293851022
2019-10-09 00:00:00,136668,45801,2602,1680,197844,288711,114,44,669024,,227.7,,2.983952315451628,0.6852665814603531,40.855933419428894,13.691885492897116
2019-10-10 00:00:00,143206,47859,2532,1612,198276,293623,112,45,682964,,228.5,,2.992248062015504,0.6752740759409175,41.93661744982166,14.01508717882641
2019-10-11 00:00:00,136603,47883,2392,1672,196867,285587,112,49,666940,,230.31,,2.85284965436585,0.6893416016835501,40.964104717066,14.359012804750051
2019-10-14 00:00:00,126968,54565,2546,1640,204895,277298,97,53,663726,,228.4,,2.3269128562265187,0.7388982250142446,38.259161159876214,16.442025775696596
2019-10-15 00:00:00,123372,48999,2327,1731,205101,279474,98,52,656946,,229.4,,2.517847303006184,0.7338822216020094,37.55925144532427,14.91720780703437
2019-10-16 00:00:00,137893,56770,2473,2049,201591,282714,115,44,678968,,231,,2.428976572133169,0.7130563042509391,40.61840911500984,16.722437581741705
2019-10-17 00:00:00,136323,62068,2341,2145,204275,278530,122,48,681196,,233.5,,2.1963491654314624,0.7334039421247263,40.024603785107374,18.2232426496926
2019-10-18 00:00:00,132145,73192,2088,2367,213088,272041,118,47,690466,,235.55,,1.8054568805333917,0.7832936947004312,38.27704767504845,21.200754273200996
2019-10-21 00:00:00,111377,65695,2059,2494,209592,255274,102,63,641938,,234.94,,1.6953649440596696,0.8210471885111684,34.7002358483218,20.46770871953366
2019-10-22 00:00:00,137220,76173,1998,2565,202643,263690,115,52,679726,,239.77,,1.801425702020401,0.768489514202283,40.37509231660993,22.41285459140889
2019-10-23 00:00:00,125115,70121,2033,2499,205548,260542,96,62,661326,,239.57,,1.7842728997019437,0.7889246263558275,37.837617150996635,21.20618272984882
2019-10-24 00:00:00,140655,73144,2055,2474,199872,267383,111,58,681054,,242.78,,1.9229875314448213,0.7475119959010109,41.30509475019602,21.47964772250071
2019-10-25 00:00:00,125965,59994,1993,2214,203299,269270,91,73,658528,,240,,2.0996266293295998,0.7550005570616853,38.25653578891103,18.22063754312649
2019-10-28 00:00:00,116754,67526,1944,2432,202363,251591,91,76,638234,,237.03,,1.729022894884933,0.8043332233664956,36.586581097215124,21.160264103761318
2019-10-29 00:00:00,125860,63366,1954,2555,194532,257026,102,64,640784,,240.11,,1.986238676892971,0.756857282920794,39.28312816799421,19.777647381957102
2019-10-30 00:00:00,102075,65991,1874,2454,197294,233378,94,70,598738,,239.51,,1.5468018366140837,0.8453838836565571,34.09671676092047,22.043364543423
2019-10-31 00:00:00,101068,77696,1990,2370,197728,221100,84,86,597592,,234.89,,1.3008134266886326,0.8942921754862053,33.825084673154926,26.00302547557531
2019-11-01 00:00:00,106348,56452,1937,2129,194266,244162,90,76,601228,,236.4,,1.8838659392049883,0.795643875787387,35.37692855289507,18.778899186331973
2019-11-05 00:00:00,103413,54639,1921,2365,190674,239448,96,72,588174,,238.53,,1.892659089661231,0.7963065049614112,35.16408409756296,18.57919595221822
2019-11-06 00:00:00,108526,54052,2053,2249,190787,245261,94,72,598626,,239.02,,2.0078072966772735,0.7778937540008399,36.2583649891585,18.058687728230982
2019-11-07 00:00:00,115411,59135,1953,2495,195522,251798,113,63,621866,,242.5,,1.9516529973788788,0.776503387636121,37.11764270759295,19.018566700864817
2019-11-08 00:00:00,101980,56996,1869,2233,192345,237329,97,70,588650,,240.17,,1.7892483683065479,0.8104572134041773,34.648772615306214,19.364987683683005
2019-11-11 00:00:00,113230,60447,2012,2312,191088,243871,95,70,608636,,241.5,,1.8732112429070094,0.7835618011161639,37.20778922048646,19.86310372702239
2019-11-12 00:00:00,113587,61597,2054,2219,190934,242924,89,77,609042,,239.87,,1.8440346120752633,0.7859824471851279,37.30021903251336,20.227504835462906
2019-11-13 00:00:00,113920,60270,2025,2170,194674,248324,88,80,617188,,237.21,,1.8901609424257508,0.7839516116041945,36.9158181947802,19.530515823379584
2019-11-14 00:00:00,120418,55028,2218,2152,194681,260071,91,68,630198,,237.5,,2.1883041360761792,0.7485686600966659,38.21592578840301,17.463717752198516
2019-11-15 00:00:00,128279,52368,2140,2093,193253,269164,106,64,643064,,240,,2.449568438741216,0.7179749149217577,39.89618451662665,16.28702586367764
2019-11-18 00:00:00,128299,60793,2345,2052,190722,258228,86,81,638042,,237.45,,2.1104238974881975,0.738579859658906,40.21647477752248,19.056112293548075
2019-11-19 00:00:00,120023,53100,2139,2090,189462,256385,101,71,618970,,239.25,,2.2603201506591337,0.7389745889970162,38.78152414495048,17.15753590642519
2019-11-20 00:00:00,121221,53124,2306,2027,190657,258754,43,77,623756,,237.78,,2.2818500112943303,0.7368272567767068,38.86808303246782,17.033583644886782
2019-11-21 00:00:00,123702,55685,2326,2077,189173,257190,45,71,625750,,237.15,,2.221459998204184,0.7355379291574322,39.53719536556133,17.797842588893328
2019-11-22 00:00:00,120256,48034,2254,1910,190033,262255,52,61,620578,,238.13,,2.5035599783486697,0.7246115422012926,38.756127352242586,15.480406975432581
2019-11-25 00:00:00,118816,53906,2321,1925,195635,260545,50,62,628902,,237.98,,2.204133120617371,0.7508683720662458,37.785219318749185,17.14289348737959
2019-11-26 00:00:00,131754,72445,2580,2049,205406,264715,45,80,674320,,235,,1.8186762371454206,0.775951495004061,39.0775892751216,21.48683117807569
2019-11-27 00:00:00,135459,67128,2588,2118,205051,273382,47,80,681020,,234.22,,2.017920986771541,0.7500530393368986,39.78121053713547,19.713958474053626
2019-11-28 00:00:00,137872,55782,2479,2183,203387,285477,57,69,682518,,235.2,,2.4716216700727833,0.7124461865579363,40.40098576154768,16.345942524592758
2019-11-29 00:00:00,135791,57342,2548,1967,199814,278263,50,74,671210,,233.98,,2.3680897073698164,0.7180760647301294,40.46155450604133,17.086157834358843
2019-12-02 00:00:00,138146,57512,2571,1949,199567,280201,50,68,675426,,233.77,,2.4020378355821395,0.7122280077515784,40.90633170769263,17.029844868275728
2019-12-03 00:00:00,146443,63229,2686,1938,200565,283779,45,74,694016,,230.66,,2.316073320786348,0.7067647711775713,42.20162071191442,18.221193747694578
2019-12-04 00:00:00,150857,54717,2740,1813,202921,299061,59,63,707556,,231.59,,2.757040773434216,0.6785271232290402,42.641713164753035,15.46647897834235
2019-12-05 00:00:00,148069,52322,2627,1732,199166,294913,55,59,694470,,231.71,,2.829956805932495,0.6753381505732199,42.642302763258314,15.068181490921134
2019-12-06 00:00:00,145025,48898,2651,1857,200414,296541,68,52,690878,,235.14,,2.9658677246513148,0.675839091390398,41.98281027909414,14.155321199980314
2019-12-09 00:00:00,138578,52122,2687,1923,198473,284929,69,55,674102,,237.04,,2.658723763477994,0.6965700227074113,41.11484612121014,15.46412857401402
2019-12-10 00:00:00,126435,51460,2485,1964,197640,272615,68,53,648150,,237.91,,2.456956859696852,0.7249784494616951,39.01411710252257,15.879040345599012
2019-12-11 00:00:00,115367,59548,2290,2335,209658,265477,74,48,650050,,240.32,,1.9373782494794116,0.7897407308354396,35.49480809168525,18.32105222675179
2019-12-12 00:00:00,100048,59031,2168,2141,214274,255291,62,50,628644,,241.05,,1.6948383052972167,0.8393323697270958,31.829779652712826,18.78042262393342
2019-12-13 00:00:00,98133,54424,2066,2007,214546,258255,64,51,625358,,241.21,,1.8031199470821697,0.8307525507734603,31.38458291090863,17.40571000930667
2019-12-16 00:00:00,99767,55037,2140,2054,222776,267506,65,51,645086,,241.45,,1.8127259843378092,0.8327887972606222,30.931379692010058,17.063461305934403
2019-12-17 00:00:00,100006,55685,2140,1918,225925,270246,68,45,651862,,241.6,,1.7959234982490797,0.8359975725820179,30.68318140956215,17.08490447364626
2019-12-18 00:00:00,110842,57642,1880,2289,255666,308866,80,48,733016,,246.2,,1.9229381353873911,0.8277570208439906,30.242723214772937,15.727351108297771
2019-12-19 00:00:00,79812,37788,1564,1627,258353,300377,58,47,676330,,244,,2.1120990790727214,0.86009581292842,23.601496310972454,11.174426685198053
2019-12-20 00:00:00,80686,36532,1647,1532,129349,173503,56,37,420070,,244.71,,2.2086390014234096,0.7455144867812084,38.41550217820839,17.393291594258102
2019-12-23 00:00:00,92815,43551,1725,1803,131502,180766,59,37,448634,,248.8,,2.131179536635209,0.7274708739475344,41.37671242036939,19.4149351141465
2019-12-24 00:00:00,83913,43621,1758,1832,147649,187941,58,31,463124,,248.67,,1.9236835469154765,0.7856135702161848,36.237811039807916,18.837719487653416
2019-12-25 00:00:00,81543,41722,1806,1916,147579,187400,51,38,458244,,248.04,,1.954436508316955,0.7875080042689434,35.58933668525938,18.20951283595639
2019-12-26 00:00:00,80838,47048,1641,1944,154125,187915,50,38,469926,,248.24,,1.718202686617922,0.8201846579570551,34.40456582525759,20.02357818039436
2019-12-27 00:00:00,100764,50584,1556,1902,136024,186204,58,32,473576,,252.06,,1.9920132848331489,0.7305106227578355,42.55452134398703,21.36256904910722
2019-12-30 00:00:00,87330,49383,1299,1886,145317,183264,57,33,465294,,254.75,,1.7684223315715935,0.7929380565741225,37.537556899508694,21.226579324040284
2020-01-03 00:00:00,74731,52359,1384,1809,157349,179721,53,38,464160,,255,,1.427280887717489,0.8755181642657229,32.20053429851775,22.560754912099277
2020-01-06 00:00:00,74070,51455,1504,1823,158276,180891,50,42,464692,,253.9,,1.439510251676222,0.8749799603075885,31.879180188167645,22.14585144568876
2020-01-08 00:00:00,81320,57247,1452,2067,155969,180042,65,31,474578,,259.15,,1.4205111184865582,0.8662923095722109,34.27044658623029,24.125433543063522
2020-01-09 00:00:00,65401,57561,1407,2121,163965,171805,56,33,458732,,257.99,,1.1362033321172322,0.9543668694159075,28.513816345927467,25.095698577818858
2020-01-10 00:00:00,72739,54933,1683,2016,153632,171438,56,36,452742,,258.19,,1.3241403163854149,0.8961373791108156,32.13264950015682,24.266800959486858
2020-01-13 00:00:00,86792,58532,1706,2200,147647,175907,62,39,468878,,262.4,,1.4828128203375932,0.8393469276378995,37.02114409291969,24.966835722725314
2020-01-14 00:00:00,71570,58697,1663,2092,157078,169951,58,42,457296,,259.05,,1.2193127417074126,0.9242546381015705,31.30138903467338,25.67133760190336
2020-01-15 00:00:00,80403,55620,1599,2175,146395,171178,45,52,453596,,256.31,,1.445577130528587,0.8552208811880031,35.45137082337587,24.524025785059834
2020-01-16 00:00:00,79202,58676,1717,2222,150746,171272,49,52,459896,,257.51,,1.3498193469220805,0.8801555420617497,34.443439386296035,25.517073425296154
2020-01-17 00:00:00,83571,64018,1638,2473,150770,170323,64,40,468682,,262.5,,1.305429722890437,0.8852004720442923,35.66213338681665,27.318309642785515
2020-01-20 00:00:00,89482,60313,1772,2418,150474,179643,66,40,479912,,266.28,,1.4836270787392436,0.837627962124881,37.291003350614275,25.135024754538332
2020-01-21 00:00:00,83090,65989,1747,2402,162488,179589,66,39,491156,,268.06,,1.2591492521480854,0.9047770186369989,33.83446399921817,26.87089234377672
2020-01-22 00:00:00,68627,69327,1585,2565,170977,170277,56,45,479208,,266.54,,0.9899029238247724,1.0041109486307604,28.641842373249194,28.933991085290728
2020-01-23 00:00:00,69568,70757,1530,2490,172624,171435,55,44,484384,,263.73,,0.983196008875447,1.0069355732493366,28.72431789654489,29.215250710180353
2020-01-24 00:00:00,70773,68393,1554,2441,171838,174218,54,45,485222,,265.49,,1.0347988829266153,0.9863389546430334,29.171389590744027,28.190395324202118
2020-01-27 00:00:00,73590,68130,1823,2097,165484,170944,41,58,478148,,255.32,,1.080140907089388,0.9680597154623737,30.781264378393303,28.49745267155776
2020-01-28 00:00:00,76864,56443,1941,1946,151722,172143,44,51,457172,,257.7,,1.3617986287050652,0.8813718826789355,33.62585635165758,24.692238369803928
2020-01-29 00:00:00,82949,55496,1934,2121,142924,170377,57,46,451746,,259.94,,1.4946843015712845,0.8388690961808225,36.72373413378314,24.56955899996901
2020-01-30 00:00:00,76906,60868,1825,2221,155578,171616,45,56,464968,,257.31,,1.263488203982388,0.9065471750885699,33.08012594415099,26.18158668983672
2020-01-31 00:00:00,74549,67850,1749,2203,161670,168369,44,55,472438,,252.2,,1.098732498157701,0.9602123906419828,31.559273386137438,28.723345708854918
2020-02-03 00:00:00,76430,61178,1857,2264,150161,165413,57,45,453182,,253.99,,1.2493053058288928,0.907794429700205,33.73037764077126,26.99930712164208
2020-02-04 00:00:00,84323,57346,1974,2178,137690,164667,62,40,444026,,255.4,,1.4704251386321627,0.836172396412153,37.981109214325286,25.83001896285353
2020-02-05 00:00:00,91552,50860,2100,1939,124105,164797,60,44,431314,,255.2,,1.8000786472670074,0.7530780293330582,42.45259833902911,23.583746412126665
2020-02-06 00:00:00,97841,59565,2186,2034,127139,165415,46,57,449960,,252.11,,1.642592126248636,0.768606232808391,43.488754555960526,26.47568672770913
2020-02-07 00:00:00,98278,52325,1979,2023,119009,164962,53,48,434574,,254.3,,1.878222646918299,0.721432814830082,45.22958115303723,24.081054089752264
2020-02-10 00:00:00,101324,47203,2080,2068,112686,166807,48,57,428020,,252.26,,2.14655848145245,0.6755471892666375,47.34545114714266,22.056445960469137
2020-02-11 00:00:00,117056,40550,2410,1717,97166,173672,68,34,428444,,254.5,,2.886707768187423,0.5594799391957253,54.642380334419435,18.92896154456592
2020-02-12 00:00:00,111745,45757,2395,1737,107391,173379,54,45,438272,,254.5,,2.4421400004370915,0.6194002733895109,50.99344699182243,20.880640332943926
2020-02-13 00:00:00,120517,41403,2480,1685,98593,177707,51,47,438220,,253.89,,2.9108277177982274,0.554806507340735,55.0029665464835,18.895988316370772
2020-02-14 00:00:00,120408,41102,2479,1731,100536,179842,51,44,441888,,251.75,,2.9294924821176584,0.5590240322060476,54.49706713013253,18.6029039032515
2020-02-17 00:00:00,127503,47032,2459,1831,99963,180434,48,44,454932,,251.36,,2.710984010886205,0.5540142101821165,56.05365197436101,20.676496707200197
2020-02-18 00:00:00,139992,50910,2384,1808,91147,180229,49,41,462278,,249.2,,2.7497937536829697,0.5057288227754689,60.56615283444161,22.025707474723003
2020-02-19 00:00:00,141576,41881,2670,1710,82073,181768,56,43,447298,,249.7,,3.3804350421432154,0.4515261212094538,63.30276459988643,18.726218315306575
2020-02-20 00:00:00,136980,48536,2536,1766,88028,176472,54,43,450016,,250.15,,2.8222350420306577,0.4988213427625912,60.87783545473938,21.57078859418332
2020-02-21 00:00:00,129355,44152,2368,1838,86442,171645,59,36,431594,,250.8,,2.9297653560427612,0.5036091933933409,59.942909308285095,20.459969323021173
2020-02-25 00:00:00,130813,46634,2421,1647,92929,177108,46,46,447484,,245.19,,2.8050992837843634,0.5247024414481559,58.46600101903084,20.84275638905525
2020-02-26 00:00:00,139228,45843,2374,1747,84909,178294,58,39,448274,,250.8,,3.03706127434941,0.4762302713495687,62.11736571828836,20.45311572832687
2020-02-27 00:00:00,123232,45588,2446,1547,108995,186639,48,50,464454,,242.88,,2.703167500219356,0.5839883411291317,53.06531970873326,19.630792285134806
2020-02-28 00:00:00,122842,33391,2384,1223,80204,169655,44,46,406092,,233.36,,3.6788955107663743,0.47274763490613303,60.499591225633594,16.445042010184885
2020-03-02 00:00:00,114541,40988,2483,1278,91169,164722,49,44,411420,,228.17,,2.7945008295110765,0.5534719102487828,55.680812794711,19.925137329249914
2020-03-03 00:00:00,119613,33767,2361,1357,77697,163543,63,37,394620,,236.63,,3.5423046169336927,0.47508606299260747,60.621864071765245,17.1136789823121
2020-03-04 00:00:00,115093,33840,2422,1418,82118,163371,58,43,394422,,235.27,,3.401093380614657,0.502647348672653,58.36033486975879,17.159286246710376
2020-03-05 00:00:00,112467,41954,2447,1453,87572,158085,52,44,400078,,232.33,,2.680721742861229,0.5539551507100611,56.22253660536195,20.972910282494915
2020-03-06 00:00:00,120823,38573,2609,1105,71906,154156,44,51,385458,,219.99,,3.132320535089311,0.46644957056488234,62.69061739541013,20.01411308106201
2020-03-10 00:00:00,90038,29754,2354,1168,48178,108462,51,37,276432,,201.2,,3.026080526987968,0.44419243606055575,65.14296463506396,21.52717485674596
2020-03-11 00:00:00,91260,29647,2421,1166,48554,110167,40,57,279628,,194.53,,3.078220393294431,0.4407308903755208,65.27243337577066,21.204600397671193
2020-03-12 00:00:00,89877,39196,2420,1285,56705,107386,35,57,293164,,175.91,,2.2930145933258497,0.5280483489467901,61.31516830170144,26.739981716718287
2020-03-13 00:00:00,73568,69003,1743,2313,78404,82969,64,32,303944,,198.6,,1.0661565439183804,0.9449794501560824,48.40891743215855,45.405074619008765
2020-03-16 00:00:00,53029,56874,1815,1805,75390,71545,51,39,256838,,195.85,,0.9323944157259908,1.0537423998881823,41.293733793286044,44.287839026935266
2020-03-17 00:00:00,72627,46202,2324,1450,78516,104941,43,47,302286,,184.01,,1.5719449374485952,0.7481918411297777,48.051844941545426,30.568402109260767
2020-03-18 00:00:00,63399,37320,2343,1328,121143,147222,53,34,369084,,174.27,,1.6987942122186495,0.8228593552594041,34.35478102545762,20.223038657866503
2020-03-19 00:00:00,57132,31100,1945,1381,118699,144731,55,26,351662,,189.51,,1.8370418006430869,0.8201352854606131,32.492563882364315,17.687438506292974
2020-03-20 00:00:00,55962,33960,1679,1655,56708,78710,37,39,225340,,195.69,,1.6478798586572438,0.7204675390674629,49.66894470577793,30.14112008520458
2020-03-23 00:00:00,73639,31482,2208,1498,57584,99741,38,40,262446,,183.37,,2.3390826504034052,0.5773352984229153,56.11744892282603,23.991221051187672
2020-03-24 00:00:00,73614,29381,2233,1370,59080,103313,52,34,265388,,192.64,,2.5054967496000815,0.5718544616843959,55.47650986480173,22.14192050883989
2020-03-25 00:00:00,67843,45600,2231,1586,66330,88573,45,41,268346,,188.08,,1.4877850877192982,0.7488738103033656,50.56382431636768,33.985973332935835
2020-03-26 00:00:00,73438,32171,2439,1488,56025,97292,50,39,258926,,188.07,,2.2827391128656243,0.5758438514985816,56.725087476730806,24.849570919876722
2020-03-27 00:00:00,73745,47735,2430,1667,61442,87452,46,44,270374,,180.38,,1.5448832093851472,0.7025797008644742,54.550363570461656,35.3103478884804
2020-03-30 00:00:00,72554,49016,2531,1909,63030,86568,65,33,271168,,183,,1.4802105434960013,0.728098142500693,53.512213830540475,36.15175831956573
2020-03-31 00:00:00,66069,44747,2350,1784,62290,83612,50,42,256718,,187.21,,1.4765012179587458,0.7449887575946036,51.47204325368693,34.860820043783455
2020-04-01 00:00:00,66850,42788,2305,1947,57735,81797,46,49,249170,,184.78,,1.562353931008694,0.7058327322517941,53.65814504153791,34.34442348597343
2020-04-02 00:00:00,56189,56101,1534,2510,67954,68042,53,42,248286,,186.95,,1.0015685994902053,0.9987066811675142,45.261512932666356,45.19062693828891
2020-04-03 00:00:00,59020,38648,1859,1977,46955,67327,48,43,211950,,185.64,,1.5271165390188366,0.6974170837851085,55.69238027836754,36.4689785326728
2020-04-06 00:00:00,72678,36519,2107,1835,49204,85363,60,34,243764,,190.7,,1.9901421178016923,0.5764089828145684,59.629805877816246,29.962586764247384
2020-04-07 00:00:00,56929,44339,1842,2154,64423,77013,61,32,242704,,197.63,,1.283948668215341,0.8365211068261202,46.912288219394824,36.53751071263762
2020-04-08 00:00:00,51096,48914,1886,2273,73177,75359,61,29,248546,,200.29,,1.0446089054258494,0.9710452633394817,41.11593025033595,39.360118448898795
2020-04-09 00:00:00,48113,45827,1867,1931,68920,71206,65,23,234066,,203.61,,1.0498832565954568,0.9678959638232734,41.110626917194296,39.15733169277041
2020-04-10 00:00:00,46622,43223,1868,1947,70416,73815,67,26,234076,,201.99,,1.0786386877356964,0.9539524486892907,39.83492540884157,36.930740443274836
2020-04-13 00:00:00,47321,54201,1945,2413,75999,69119,52,35,246640,,198.26,,0.8730650726001365,1.0995384771191712,38.372526759649695,43.95150827116445
2020-04-14 00:00:00,43971,53746,1903,2433,78959,69184,58,35,245860,,197.37,,0.8181260000744242,1.1412898936170213,35.769136907182954,43.72081672496543
2020-04-15 00:00:00,59323,58502,2103,2352,70517,71338,40,50,259680,,186.07,,1.0140337082492907,0.9884914071042081,45.68930991990142,45.05699322242761
2020-04-16 00:00:00,59733,45450,2079,2198,61905,76188,51,37,243276,,188.5,,1.3142574257425743,0.8125295322097968,49.10718689883096,37.364968184284514
2020-04-17 00:00:00,58240,46195,2171,2153,64430,76475,60,33,245340,,191.8,,1.2607425046000649,0.842497548218372,47.476970734490905,37.65794407760659
2020-04-20 00:00:00,52725,49713,2197,2213,70994,74006,42,50,247438,,189.32,,1.0605877738217369,0.9593005972488717,42.61673631374324,40.18218705291831
2020-04-21 00:00:00,57024,51928,2146,2226,66957,72053,51,37,247962,,186.05,,1.0981358804498536,0.9292742842074584,45.99414426404046,41.883837039546385
2020-04-22 00:00:00,66879,45221,2311,1837,58663,80321,48,45,251084,,190.2,,1.4789367771610535,0.7303569427671468,53.27221169011167,36.02061461502923
2020-04-23 00:00:00,61371,46030,2316,1791,63174,78515,53,39,249090,,190.94,,1.333282641755377,0.8046105839648475,49.27616524147898,36.95852904572644
2020-04-24 00:00:00,59195,43370,2258,1776,62720,78545,51,37,243830,,188.91,,1.3648835600645608,0.7985231396015023,48.55432063322807,35.57396546774392
2020-04-27 00:00:00,57512,47646,2273,1851,68167,78033,48,41,251358,,188.9,,1.2070687990597322,0.8735663116886445,45.761026106191174,37.91086816413243
2020-04-28 00:00:00,84344,45048,2317,1872,54266,93562,59,38,277220,,192.8,,1.872313976203161,0.5800004275239948,60.84986653199624,32.499819637832765
2020-04-29 00:00:00,76488,45589,2439,1846,55735,86634,58,43,264446,,195.8,,1.6777731470310822,0.6433386430269871,57.84772694614402,34.4788728133532
2020-04-30 00:00:00,60201,45553,2110,1953,64116,78764,62,32,248634,,197.25,,1.3215595021184114,0.814026712711391,48.425396365742415,36.6426152497245
2020-05-04 00:00:00,61528,45103,2245,1886,64988,81413,53,40,253032,,193.69,,1.3641664634281534,0.7982508935919325,48.63258402099339,35.65003635903759
2020-05-05 00:00:00,65093,46369,2433,1761,62539,81263,54,34,255264,,194.75,,1.4038042657810175,0.7695876352091358,51.00053278174752,36.33023066315658
2020-05-06 00:00:00,76739,49673,2326,1812,55736,82802,61,35,264950,,195.7,,1.5448835383407484,0.6731238375884641,57.92715606718248,37.496131345536895
2020-05-07 00:00:00,68786,45236,2512,1646,55277,78827,61,32,248126,,195.51,,1.5206030595101248,0.7012444974437693,55.44441130715846,36.46212005190911
2020-05-08 00:00:00,65866,46930,2227,1823,59230,78166,57,39,250192,,196.02,,1.4034945663754528,0.7577463347235371,52.65236298522734,37.515188335358445
2020-05-12 00:00:00,67065,59591,2611,1881,69149,76623,48,46,272428,,191.4,,1.1254216240707489,0.9024574866554429,49.235027236554245,43.748072885312816
2020-05-13 00:00:00,76799,53326,2736,1946,59259,82732,47,56,272116,,187.31,,1.4401792746502644,0.716276652323164,56.445780475973486,39.19357920886681
2020-05-14 00:00:00,86750,56154,2928,1860,59123,89719,43,60,291746,,183.81,,1.5448587812088186,0.6589797032958459,59.46953857122291,38.495129324823644
2020-05-15 00:00:00,92541,56782,3126,1767,53709,89468,46,53,292500,,183.85,,1.629759430805537,0.6003151964948361,63.275897435897434,38.82529914529915
2020-05-18 00:00:00,108616,37401,3141,1406,48201,119416,53,50,313634,,188.93,,2.9040934734365393,0.4036393783077645,69.26289879286047,23.850092783307932
2020-05-19 00:00:00,83442,49241,2890,2070,57411,91612,59,45,281706,,189,,1.6945634735281574,0.6266755446884688,59.240484760707965,34.95914180031664
2020-05-20 00:00:00,96882,47888,2688,2168,50560,99554,59,42,294884,,193.98,,2.0230955562980286,0.5078650782489905,65.70854980263425,32.47921216478344
2020-05-21 00:00:00,76904,51549,2390,2232,64580,89935,64,34,282968,,192.4,,1.491862111777144,0.7180741646744871,54.35526278589805,36.43450849566029
2020-05-22 00:00:00,83258,46213,2668,2084,59321,96366,54,41,285158,,188.9,,1.8016142643844806,0.6155801838822821,58.39429368981407,32.41220656618436
2020-05-25 00:00:00,89935,41142,2759,1957,51689,100482,60,41,283248,,191,,2.1859656798405522,0.5144105411914571,63.50265491724566,29.05016098966277
2020-05-26 00:00:00,95803,47825,2397,2214,51113,99091,69,33,293832,,194,,2.0031991636173547,0.5158187928267955,65.20937134144681,32.55261509978491
2020-05-27 00:00:00,87317,58877,2222,2551,59354,87794,73,27,293342,,198.51,,1.483040915807531,0.6760598674169077,59.53255926529444,40.14222307068201
2020-05-28 00:00:00,95689,69305,2361,2805,62615,88999,75,28,316608,,205,,1.380694033619508,0.7035472308677626,60.446356377602584,43.77968971093592
2020-05-29 00:00:00,80205,58343,2481,2417,65438,87300,59,42,291286,,200.5,,1.3747150472207463,0.7495761741122566,55.06958796509272,40.05891117321121
2020-06-01 00:00:00,77441,53622,2518,2398,60231,84050,58,37,275344,,203.66,,1.444202006639066,0.7166091612135633,56.25036318205589,38.94909640304492
2020-06-02 00:00:00,91998,62392,2368,2609,53386,82992,61,44,290768,,212,,1.474515963585075,0.6432668208983998,63.27931546800198,42.915313927254715
2020-06-03 00:00:00,85654,68810,2165,2872,60462,77306,68,35,292232,,221.5,,1.2447900014532771,0.7821126432618426,58.62054805770758,47.09272085192587
2020-06-04 00:00:00,70358,53665,2300,2658,57049,73742,43,52,254814,,213.1,,1.3110593496692444,0.7736296818637954,55.223025422465014,42.12091957270794
2020-06-05 00:00:00,79136,51235,2476,2462,57328,85229,66,44,272928,,219.1,,1.5445691421879575,0.672634901266001,57.99038574276,37.54470043381405
2020-06-08 00:00:00,68236,54936,2348,2491,56610,69910,54,48,249692,,220.3,,1.2420998980632008,0.8097553997997425,54.656136359995514,44.003011710427245
2020-06-09 00:00:00,66018,57483,2258,2484,61039,69574,54,44,254114,,217.23,,1.1484786806534106,0.8773248627360796,51.959356824102564,45.24189930503632
2020-06-10 00:00:00,77358,56564,2442,2413,55093,75887,41,54,264902,,212.53,,1.3676189802701364,0.7259873232569478,58.40499505477498,42.7056043366981
2020-06-11 00:00:00,75275,49686,2304,2331,55490,81079,35,62,261530,,208.35,,1.5150142897395644,0.6843942327853082,57.565097694337176,37.996405766068904
2020-06-15 00:00:00,82057,48692,2640,2207,62736,96101,58,47,289586,,207.32,,1.6852254990552862,0.6528131861270955,56.67193856056577,33.62869751990773
2020-06-16 00:00:00,79834,45525,2624,2039,56004,90313,50,48,271676,,207.76,,1.7536298736957716,0.6201100616743991,58.77147778972011,33.51418601569517
2020-06-17 00:00:00,76400,47697,2477,2171,66560,95263,46,46,285920,,208.14,,1.6017778895947334,0.6986972906584928,53.44152210408506,33.36387800783436
2020-06-18 00:00:00,74956,37601,2286,1808,64503,101858,32,56,278918,,203.77,,1.9934576208079573,0.6332639557030375,53.7476964555891,26.96204619278784
2020-06-19 00:00:00,75306,32729,2093,1778,36167,78744,30,45,222946,,207,,2.3008952305294996,0.45929848623387176,67.555372152898,29.360472939635606
2020-06-22 00:00:00,76401,32194,2242,1710,38241,82448,38,43,229284,,206.4,,2.373144064111325,0.4638196196390452,66.64311508871094,28.082203729872123
2020-06-23 00:00:00,76828,32487,2330,1764,36819,81160,49,38,227294,,207.3,,2.364884415304583,0.4536594381468704,67.60231242355715,28.58588436122379
2020-06-25 00:00:00,75278,44953,2235,2169,38203,68528,47,39,226962,,206.92,,1.6745934642849198,0.5574801540975951,66.33533366819115,39.6127986182709
2020-06-26 00:00:00,79275,57268,2361,2065,42610,64617,24,53,243770,,203.15,,1.3842809247747434,0.6594239905907114,65.0408171637199,46.985273003240756
2020-06-29 00:00:00,89928,45135,2408,2113,36564,81357,38,48,252984,,205.8,,1.9924227318045862,0.44942660127585826,71.09382411535907,35.68209847263068
2020-06-30 00:00:00,82306,45995,2441,2112,37336,73647,22,52,239284,,203.22,,1.7894553755843026,0.5069588713729004,68.7935674763043,38.443857508232895
2020-07-02 00:00:00,99499,45988,2266,2277,39558,93069,48,39,278114,,209.6,,2.1635861529094544,0.4250394868323502,71.55267264503046,33.071330461609264
2020-07-03 00:00:00,82012,50978,2208,2503,42419,73453,49,30,248862,,210.95,,1.6087724116285456,0.5774985364791091,65.90962059293905,40.96889038905096
2020-07-06 00:00:00,82813,51558,2159,2412,43310,74565,48,28,252246,,214.61,,1.6062104813995888,0.5808355126399786,65.66050601397049,40.87914179015723
2020-07-07 00:00:00,83177,42144,2538,2307,39350,80383,37,46,245054,,210.53,,1.9736380030372058,0.489531368572957,67.8846295102304,34.395684216540026
2020-07-08 00:00:00,88106,39358,2516,2381,37251,85999,33,45,250714,,210.97,,2.238579196097363,0.43315619949069173,70.2840686997934,31.39673093644551
2020-07-09 00:00:00,85299,46444,2414,2446,45442,84297,39,41,261482,,209.11,,1.8365989148221513,0.5390701922962857,65.24273181327969,35.52366893323441
2020-07-10 00:00:00,94294,42393,2249,2394,40037,91938,43,37,268662,,212.28,,2.2242823107588516,0.4354782570862973,70.195263937587,31.55861268061728
2020-07-13 00:00:00,85354,44272,2481,2349,42306,83388,40,41,255320,,208.39,,1.9279454282616553,0.5073391854943158,66.86041046529844,34.679617734607554
2020-07-14 00:00:00,93970,37522,2562,2113,38083,94531,48,36,264106,,209.5,,2.504397420180161,0.4028625530249336,71.16082179125048,28.414348784200282
2020-07-15 00:00:00,103338,37919,2397,2253,35830,101249,52,34,278336,,211.09,,2.725230095730373,0.35388003832136616,74.25413888250172,27.246924580363302
2020-07-16 00:00:00,106847,41768,2331,2398,35160,100239,49,44,284014,,211.35,,2.558106684543191,0.35076167958578996,75.24065715070384,29.412634588435782
2020-07-17 00:00:00,97738,40606,2388,2348,36373,93505,39,43,268222,,210.81,,2.4069841895286412,0.38899524089620874,72.87843651900292,30.277904124195633
2020-07-20 00:00:00,117219,37131,2484,2289,34375,114463,54,35,303188,,213.89,,3.1569039347176213,0.30031538575784317,77.32430043405412,24.493713471509427
2020-07-21 00:00:00,101815,40357,2180,2234,39432,100890,56,35,282494,,215.73,,2.5228584879946476,0.39084151055605115,72.08294689444732,28.571934271170363
2020-07-22 00:00:00,92620,41878,2286,2175,42538,93280,55,28,270316,,216.71,,2.2116624480634224,0.45602487135506004,68.52720519688069,30.98447742641945
2020-07-23 00:00:00,93400,46130,2613,2138,44428,91698,51,30,275656,,215.41,,2.024712768263603,0.4845034788108792,67.76562091882636,33.46925153089358
2020-07-24 00:00:00,100770,42441,2671,1951,35262,93591,51,35,272064,,215.97,,2.3743549869230227,0.37676699682661796,74.07815808045166,31.1992766407904
2020-07-27 00:00:00,106329,39492,2775,1901,34936,101773,55,32,282530,,216.9,,2.6924187177149803,0.34327375630078705,75.26917495487206,27.95596927759884
2020-07-28 00:00:00,99659,43327,2752,1974,39360,95692,47,36,278038,,215.53,,2.300159254044822,0.4113196505455001,71.68732331551803,31.166243463123745
2020-07-29 00:00:00,121884,44642,2744,2203,35797,113039,54,35,315362,,219.18,,2.730254020877201,0.31667831456400003,77.29783550332634,28.311591123851322
2020-07-30 00:00:00,78082,51801,2523,2107,39656,65937,49,35,235476,,218.15,,1.5073454180421226,0.601422570028967,66.31843584908866,43.99684044233807
2020-07-31 00:00:00,106234,48507,2642,2113,36164,93891,58,36,284796,,221.57,,2.1900756591832105,0.38517003759678775,74.60357589291985,34.0643829267265
2020-08-03 00:00:00,113938,55919,2561,2358,39737,97756,66,33,307350,,226.72,,2.0375543196409094,0.40649167314538237,74.1421831787864,36.387831462502035
2020-08-04 00:00:00,92185,51836,2570,2315,38954,79303,53,30,262278,,227.16,,1.7783972528744503,0.49120462025396266,70.29564050358779,39.52752423001548
2020-08-05 00:00:00,86138,52794,2538,2201,37288,70632,44,31,246852,,226.4,,1.6315869227563737,0.527919356665534,69.78918542284445,42.77380778766224
2020-08-06 00:00:00,85381,55360,2388,2332,44168,74189,51,35,259098,,226,,1.5422868497109827,0.5953443232824274,65.90633659850712,42.732865556661956
2020-08-07 00:00:00,103156,49947,2694,2210,33962,87171,63,33,274236,,227.28,,2.0653092277814484,0.38960204655217906,75.23155238553655,36.42628976501991
2020-08-10 00:00:00,91888,56550,2829,2198,41452,76790,41,49,266680,,225.99,,1.6248983200707339,0.5398098710769631,68.91255437228139,42.41037948102595
2020-08-11 00:00:00,114645,64735,2601,2428,37929,87839,65,33,305148,,232.65,,1.7709894183980845,0.4318013638588782,75.1405875181879,42.42859202747519
2020-08-12 00:00:00,106118,80387,2386,2817,50647,76378,66,33,313530,,242.4,,1.3200890691280929,0.6631097960145592,67.69240583038307,51.278665518451184
2020-08-13 00:00:00,73251,71533,2156,2743,81467,83185,54,37,309436,,241.39,,1.0240168873107516,0.9793472380837891,47.34484675344821,46.23443943174033
2020-08-14 00:00:00,73043,62802,2199,2794,71877,82118,50,39,289840,,239.99,,1.163068055157479,0.8752892179546506,50.40229091912779,43.335633452939554
2020-08-17 00:00:00,70265,69000,2170,2608,80701,81966,40,49,301932,,237.8,,1.0183333333333333,0.9845667715882195,46.5435925970086,45.705655578077184
2020-08-18 00:00:00,76528,62867,2276,2554,71466,85127,50,45,295988,,236.3,,1.217300014315937,0.8395221257650334,51.71020446774869,42.47942484154763
2020-08-19 00:00:00,93587,63908,2540,2619,65574,95253,62,34,318322,,239.4,,1.4644019528071603,0.6884192623854367,58.80020859381381,40.153052569410846
2020-08-20 00:00:00,111327,64790,2641,2294,60625,107162,39,55,343904,,232.48,,1.7182744250655966,0.5657322558369571,64.7430678328836,37.67911975435005
2020-08-21 00:00:00,110542,46708,2955,1987,49482,113316,49,45,320048,,231.22,,2.366660957437698,0.4366726675844541,69.07838824176373,29.18812178173274
2020-08-24 00:00:00,109968,52613,3058,2080,47298,104653,44,46,314532,,231.81,,2.0901298158249864,0.4519507324204753,69.92484071573004,33.45478361502168
2020-08-25 00:00:00,114147,55448,2768,2200,45792,104491,35,54,319878,,228.08,,2.0586315106045303,0.43823869998373066,71.3690844634517,34.668217257829546
2020-08-26 00:00:00,134533,43987,2992,2039,45635,136181,39,51,360336,,227.8,,3.058471821219906,0.33510548461239087,74.67086275032192,24.41443541583411
2020-08-27 00:00:00,133604,43562,3011,2024,45003,135045,40,47,357214,,226.23,,3.0669849869152013,0.3332444740642008,74.80333917483637,24.389861539581315
2020-08-28 00:00:00,137633,42452,3035,1916,45076,140257,43,46,365418,,226.3,,3.242085178554603,0.3213814640267509,75.32907519607683,23.234761287073983
2020-08-31 00:00:00,138533,49124,3127,2064,47107,136516,45,51,371280,,226.1,,2.8200675840729583,0.34506577983533065,74.62454212454213,26.461969403145876
2020-09-01 00:00:00,142301,39876,3243,1866,44970,147395,45,48,374542,,227.64,,3.568587621627044,0.30509854472675463,75.98667172172946,21.29320610238638
2020-09-02 00:00:00,136422,76690,3043,2515,58826,118558,40,53,390496,,222.57,,1.7788759942626158,0.4961790853421954,69.87113824469392,39.278251249692694
2020-09-03 00:00:00,133398,67971,3087,2436,54882,120309,46,51,376560,,218.32,,1.9625722734695679,0.45617534847767,70.8508604206501,36.10101975780752
2020-09-04 00:00:00,136201,59399,3085,2292,53603,130405,53,42,379608,,222.21,,2.2929847303826665,0.41105018979333613,71.7587616699332,31.294914754167458
2020-09-07 00:00:00,138316,58642,3222,2365,58622,138296,51,48,393876,,221.32,,2.3586507963575594,0.4238878926360849,70.23327138490286,29.776884095502137
2020-09-08 00:00:00,143256,63261,3205,2279,57256,137251,49,52,401024,,217.68,,2.2645231659316165,0.41716271648294,71.44510054261092,31.54973268432812
2020-09-09 00:00:00,150425,49940,3598,2190,49186,149671,50,51,399222,,218,,3.012114537444934,0.32862745622064393,75.35907339775864,25.01866129622115
2020-09-10 00:00:00,174454,39010,3604,1796,50598,186042,59,44,450104,,220.6,,4.472032812099462,0.27197084529299836,77.51719602580737,17.33377175052877
2020-09-11 00:00:00,154030,37466,3571,1673,52484,169048,49,48,413028,,221.07,,4.111194149362088,0.3104680327480952,74.58574237097727,18.142111430702034
2020-09-14 00:00:00,160132,45948,3602,1789,54441,168625,61,38,429146,,227.37,,3.485070079219988,0.3228524833209785,74.62821510628085,21.41369137775955
2020-09-15 00:00:00,157508,50821,3436,1824,53720,160407,54,42,422456,,231.5,,3.0992699868164735,0.33489810295061934,74.56776563713144,24.05978374079194
2020-09-16 00:00:00,128159,44933,3079,1666,110147,193373,52,29,476612,,231.06,,2.8522244230298446,0.5696089940167448,53.779174674578066,18.85516940404354
2020-09-17 00:00:00,113476,34796,2646,1183,134864,213544,50,35,496680,,231.46,,3.2611794459133234,0.6315513430487394,45.69380687766771,14.011435934605782
2020-09-18 00:00:00,113260,40066,2598,1221,36031,109225,36,39,298582,,230.3,,2.8268357210602506,0.32987869077592125,75.86525644546556,26.837518671587706
2020-09-21 00:00:00,119103,43575,2759,1238,40181,115709,35,44,318568,,226.25,,2.73328743545611,0.34725907232799524,74.77398859898044,27.356796665076217
2020-09-22 00:00:00,126386,32017,2872,1258,43821,138190,46,39,340414,,229.88,,3.947465409001468,0.31710688182936536,74.25429036408609,18.810624709912048
2020-09-23 00:00:00,127528,33235,2916,1284,45380,139673,44,40,345816,,228.5,,3.8371596208816006,0.32490173476620393,73.75482915770236,19.221204339880167
2020-09-24 00:00:00,125766,37049,3026,1342,48733,137450,39,40,348998,,228.17,,3.394585548867716,0.35455074572571843,72.0726193273314,21.231640295932927
2020-09-25 00:00:00,127407,39487,3053,1292,46177,134097,43,37,347168,,228.24,,3.2265555752526147,0.3443552055601542,73.39789381509817,22.748064337726976
2020-09-28 00:00:00,130663,37495,3323,1244,45559,138727,43,45,352444,,228.63,,3.4848113081744234,0.32840759188910595,74.14681481313343,21.277139063227064
2020-09-29 00:00:00,131906,68460,3153,1857,57686,121132,41,47,379184,,225.48,,1.9267601519135262,0.4762242842518905,69.57361070087346,36.10911852820794
2020-09-30 00:00:00,158631,41564,3498,1292,46658,163725,58,37,410578,,229.14,,3.81654797420845,0.28497785921514734,77.272040878956,20.246579212719627
2020-10-01 00:00:00,133205,52138,3167,1622,82117,163184,51,39,430644,,227.23,,2.5548544247957343,0.5032172271791352,61.86316307669444,24.21396791781611
2020-10-02 00:00:00,148973,36850,3502,1450,43695,155818,34,62,385336,,208.8,,4.042686567164179,0.2804233143795967,77.32109120352109,19.12616521684971
2020-10-05 00:00:00,151488,35514,3776,1339,36684,152658,39,56,376344,,208.89,,4.265585402939686,0.24030185119679284,80.50506982973025,18.87315859957911
2020-10-06 00:00:00,159451,26813,3301,1363,36447,169085,50,55,391796,,211.18,,5.94677954723455,0.21555430700535233,81.39490959581006,13.687224984430674
2020-10-07 00:00:00,138117,30455,3264,1400,33086,140748,37,54,342406,,210.6,,4.535117386307667,0.23507261204422086,80.67440407002213,17.788823793975574
2020-10-08 00:00:00,161169,42313,3577,1371,33042,151898,29,72,388422,,207.97,,3.808971238153759,0.217527551383165,82.98654556127099,21.787128432478077
2020-10-09 00:00:00,164261,40721,3718,1693,34399,157939,36,67,397320,,205.38,,4.0338154760443015,0.21779927693603227,82.68448605657908,20.4978354978355
2020-10-12 00:00:00,171411,35544,3839,1730,34138,170005,42,62,411098,,206.18,,4.822501688048616,0.20080585865121614,83.39179465723502,17.292227157514752
2020-10-13 00:00:00,170562,43684,3825,1879,34845,161723,39,69,410814,,205.03,,3.904450141928395,0.21546100430983842,83.03611853539557,21.267045426884184
2020-10-14 00:00:00,188232,39054,3842,1902,33866,183044,49,59,444196,,207.83,,4.819787985865724,0.18501562465855204,84.7517762429198,17.58412952840638
2020-10-15 00:00:00,179832,62389,3907,1893,35902,153345,35,68,431468,,203.85,,2.8824311978073056,0.2341256643516254,83.35820964706537,28.919410014184134
2020-10-16 00:00:00,184152,45247,3935,1850,33681,172586,40,69,435666,,201.17,,4.069927287996994,0.19515487930654862,84.53815537590724,20.771416635679625
2020-10-19 00:00:00,199025,41748,4045,1839,35091,192368,57,57,468232,,202.78,,4.767294241640318,0.18241599434417366,85.01127646124144,17.832185754070633
2020-10-20 00:00:00,189698,68895,3587,1736,37193,157996,57,54,453782,,209.54,,2.7534363887074536,0.2354046937897162,83.60754723633815,30.364800719288116
2020-10-21 00:00:00,147665,64811,3554,1708,41416,124270,64,42,378162,,210.33,,2.2783940997670147,0.3332743220407178,78.09615984683813,34.27684431539922
2020-10-22 00:00:00,150371,64951,3521,1683,43208,128628,59,48,387158,,210.21,,2.3151452633523735,0.3359144198774761,77.67939704203451,33.552709746408446
2020-10-23 00:00:00,175764,65117,3392,1713,38455,149102,68,47,428438,,214.5,,2.6992029731099407,0.25791069200949684,82.04874450912384,30.39739705628352
2020-10-26 00:00:00,148230,57502,3387,1535,40766,131494,59,46,377992,,211.1,,2.577823380056346,0.310021750041827,78.43023132764715,30.424982539313
2020-10-27 00:00:00,157731,40920,3575,1601,33153,149964,35,69,381768,,207.64,,3.8546187683284456,0.22107305753380813,82.63186018733892,21.43710316212988
2020-10-28 00:00:00,157446,38783,3586,1384,35736,154399,39,58,386364,,204.73,,4.0596653172781885,0.23145227624531248,81.50138211634625,20.07588698740048
2020-10-29 00:00:00,157095,34861,3590,1421,36651,158885,39,54,387492,,205.58,,4.506325119761338,0.23067627529345125,81.08296429345639,17.993145664942762
2020-10-30 00:00:00,171905,40393,3834,1412,34564,166076,37,59,412938,,200.99,,4.255811650533508,0.20812158288976132,83.25947236631166,19.56371174365159
2020-11-02 00:00:00,176240,31803,3606,1849,36255,180692,55,43,424990,,204.5,,5.541615570858095,0.20064529696942865,82.93842208051954,14.966469799289396
2020-11-03 00:00:00,150756,33881,3214,1804,44555,161430,61,35,390622,,209.2,,4.449573507275464,0.2760019822833426,77.18766480126568,17.34720522653614
2020-11-05 00:00:00,156409,35323,3352,1704,38912,159998,69,32,390642,,216.7,,4.427964782153271,0.24320304003800047,80.07792300879065,18.08458895868852
2020-11-06 00:00:00,129526,41811,3110,1813,53983,141698,69,30,367018,,217.5,,3.0978928989978716,0.3809722084997671,70.5829141894948,22.784168623882206
2020-11-09 00:00:00,115672,78037,2766,2030,84592,122227,78,25,400528,,228.05,,1.4822712303138255,0.6920893092360935,57.75975712060081,38.9670634762114
2020-11-10 00:00:00,109482,101117,2528,2629,115163,123528,76,29,449290,,236.1,,1.0827259511259235,0.9322825594197267,48.73556055109172,45.01190767655635
2020-11-11 00:00:00,89142,125241,2352,3465,160528,124429,80,33,499340,,244.2,,0.7117637195487101,1.290117255623689,35.70392918652621,50.162614651339766
2020-11-12 00:00:00,75104,120752,2209,3893,169759,124111,67,39,489726,,242.08,,0.6219689943023718,1.3677997921215685,30.671845072550774,49.314106255334615
2020-11-13 00:00:00,65307,104862,1987,3980,165401,125846,54,43,461416,,242.99,,0.6227899525090118,1.314312731433657,28.3072108466113,45.45225999965324
2020-11-16 00:00:00,85456,112434,2433,3590,155105,128127,70,33,481122,,247.99,,0.7600547876976715,1.2105567132610613,35.52363018111831,46.738249342162696
2020-11-17 00:00:00,73841,104709,2228,3742,156015,125147,63,44,459712,,245.7,,0.7052020361191492,1.2466539349724723,32.12489558680217,45.5541730474732
2020-11-18 00:00:00,77257,106554,2313,3590,153516,124219,62,45,461546,,242.71,,0.7250502092835558,1.2358495882272438,33.4774865343866,46.172645846784505
2020-11-19 00:00:00,76528,97472,1756,3503,147028,126084,47,52,447112,,240.27,,0.7851280367695338,1.1661114812347324,34.23213870350158,43.600708547299114
2020-11-20 00:00:00,79581,90118,1824,3348,136641,126104,44,52,432444,,239.42,,0.8830755232029117,1.0835580156061664,36.80522796015207,41.67846010119229
2020-11-23 00:00:00,75868,87049,1911,3051,137358,126177,47,50,426452,,239.7,,0.8715551011499271,1.0886136142086118,35.581026704060484,40.824758706724324
2020-11-24 00:00:00,99646,84408,2127,3025,117099,132337,57,43,433490,,247.33,,1.1805279120462515,0.8848545758177985,45.97384022699485,38.943458903319566
2020-11-25 00:00:00,95055,106406,2520,3181,139091,127740,68,39,468292,,251.91,,0.8933236847546191,1.088860184750274,40.59646545317879,45.44429543959752
2020-11-26 00:00:00,88939,108659,2614,3117,148781,129061,65,38,475440,,250.1,,0.8185148031916362,1.1527959646988633,37.41334342924449,45.708817095742894
2020-11-27 00:00:00,97063,106616,2495,3236,140874,131321,74,36,475874,,251.59,,0.9103980640804382,1.0727454101019638,40.79357140755746,44.80849972891984
2020-11-30 00:00:00,92012,104080,2528,3232,142205,130137,74,34,468434,,249.63,,0.8840507302075327,1.092733042870206,39.28493661860582,44.43742341503819
2020-12-01 00:00:00,123051,140971,2744,3535,148757,130837,79,31,543616,,260.81,,0.8728816565109135,1.136964314375903,45.271294443136334,51.864183541323285
2020-12-02 00:00:00,112041,144285,2731,3730,158724,126480,78,31,541530,,264.06,,0.776525626364487,1.2549335863377609,41.379424962605945,53.28790648717523
2020-12-03 00:00:00,96515,132934,2620,3575,162274,125855,77,36,517578,,263.14,,0.7260369807573683,1.2893726907949625,37.29486183724965,51.367716556731544
2020-12-04 00:00:00,113015,146408,2587,3673,162041,128648,81,37,550112,,270,,0.7719182011911917,1.2595687457247684,41.08799662614159,53.22843348263626
2020-12-07 00:00:00,120202,140815,2685,3777,152236,131623,70,43,544876,,274.36,,0.8536164471114583,1.1566063681879306,44.12086419662455,51.686989333352905
2020-12-08 00:00:00,105644,133305,2607,3734,154184,126523,71,39,519656,,275.49,,0.7924984059112561,1.2186242817511441,40.65920532044275,51.30509413919978
2020-12-09 00:00:00,107668,137375,2857,3765,158017,128310,75,38,531370,,276.89,,0.7837525022747953,1.231525212376276,40.524681483711916,51.70596759320247
2020-12-10 00:00:00,115254,136106,2716,3713,150398,129546,77,38,531304,,282.2,,0.8467958796820125,1.1609621292822627,43.38533118515953,51.23469802598889
2020-12-11 00:00:00,94722,128639,2626,3713,158802,124885,70,34,507048,,283.73,,0.7363396792574569,1.271585858990271,37.362143229043404,50.740363831432134
2020-12-14 00:00:00,83450,126830,2382,3683,169209,125829,57,49,505318,,279.95,,0.6579673578806277,1.3447535941635076,33.02870667579623,50.198093081980055
2020-12-15 00:00:00,72641,122713,1758,3793,176928,126856,57,53,499138,,278.7,,0.5919584722075085,1.3947152677051144,29.106579743477756,49.16996902660186
2020-12-16 00:00:00,66502,122899,1647,3556,203254,146857,45,49,539512,,278.35,,0.5411109935800942,1.3840266381582083,24.652649060632573,45.55932027461854
2020-12-17 00:00:00,68279,97107,1641,2853,175454,146626,44,38,487466,,278.5,,0.7031315971042252,1.1966090597847585,28.01385122244423,39.84154792334235
2020-12-18 00:00:00,76830,87283,1753,2706,35279,24826,33,44,224218,,270.16,,0.8802401384003757,1.4210505115604608,68.53151843295365,77.85547993470641
2020-12-21 00:00:00,71505,84314,1791,2844,36617,23808,29,48,216244,,261.79,,0.8480797969494983,1.538012432795699,66.13362682895247,77.98042951480735
2020-12-22 00:00:00,93893,66875,2063,2510,33229,60247,31,57,254244,,262.04,,1.404007476635514,0.5515461350772652,73.86054341498718,52.606944509998264
2020-12-23 00:00:00,91924,70852,2220,2531,36209,57281,50,43,256266,,270.1,,1.297408682888274,0.6321293273511287,71.74108153247016,55.2956693435727
2020-12-24 00:00:00,75251,72465,2187,2617,33470,36256,38,42,217442,,269.32,,1.038446146415511,0.923157546337158,69.21477911351073,66.65225669373902
2020-12-25 00:00:00,87103,70303,2283,2425,35339,52139,48,45,244884,,270.64,,1.2389656202438017,0.677784384050327,71.13817154244458,57.41738945786577
2020-12-28 00:00:00,81276,71794,2302,2390,37554,47036,45,47,237660,,274.7,,1.1320723180210046,0.7984097287184284,68.39686947740469,60.417403012707226
2020-12-29 00:00:00,71846,68375,2203,2409,37889,41360,39,50,219470,,272,,1.050764168190128,0.91607833655706,65.4722741149132,62.309199435002505
2020-12-30 00:00:00,67586,66542,1978,2354,37250,38294,35,53,209672,,271.65,,1.0156893390640498,0.9727372434323915,64.46831241176695,63.472471288488684
2021-01-04 00:00:00,82444,63640,2119,2192,40381,59185,59,42,245650,,272,,1.2954745443117537,0.682284362591873,67.1231426826786,51.81355587217587
2021-01-05 00:00:00,81900,65781,2095,2274,37957,54076,54,44,239714,,275.2,,1.2450403611985223,0.7019195206746061,68.3314282853734,54.88290212503233
2021-01-06 00:00:00,67439,69022,2123,2252,40310,38727,43,52,215498,,272.93,,0.9770652835327867,1.0408758747127327,62.588979944129406,64.05813511030264
2021-01-08 00:00:00,86899,65999,1897,2550,50554,71454,59,45,274906,,283.64,,1.3166714647191624,0.7075041285302432,63.22088277447564,48.01568536154176
2021-01-11 00:00:00,97866,80503,2041,2806,42076,59439,59,47,279884,,289.49,,1.2156814031775214,0.707885395110954,69.93325806405511,57.5259750468051
2021-01-12 00:00:00,77754,73719,2131,2820,44698,48733,51,51,244904,,289.99,,1.0547348716070484,0.9172018960458006,63.497533727501384,60.20236500832979
2021-01-13 00:00:00,76492,82526,2103,3043,50599,44565,43,48,254182,,283.78,,0.9268836487894724,1.1353977336474812,60.18679528841538,64.93457443878795
2021-01-14 00:00:00,92136,72027,2348,2730,44621,64730,45,53,273514,,284.79,,1.2791869715523345,0.6893403367835624,67.37205408132674,52.66787074884649
2021-01-15 00:00:00,79962,82224,2223,2752,49418,47156,47,51,258760,,276.9,,0.9724897840046701,1.0479684451607432,61.80398825166177,63.55232648013603
2021-01-18 00:00:00,99157,76043,2430,2941,39276,62390,51,50,276866,,279.79,,1.3039596018042423,0.6295239621734252,71.62815224693534,54.931266388794576
2021-01-19 00:00:00,81710,78159,2284,2958,46058,49609,47,44,255536,,278.19,,1.0454330275464119,0.9284202463262714,63.95185022853923,61.17259407676413
2021-01-20 00:00:00,100588,70166,2550,2675,37942,68364,52,49,277060,,279.8,,1.4335718154091726,0.5549997074483647,72.61098678986501,50.65040063524147
2021-01-21 00:00:00,88669,94242,2374,3043,63891,58318,57,44,305120,,274.4,,0.9408650071093567,1.0955622620803183,58.12073938122706,61.77372836916623
2021-01-22 00:00:00,91174,89287,2359,2849,56485,58372,52,49,295318,,268.25,,1.0211340956690225,0.9676728568491743,61.74632091508136,60.468376461983354
2021-01-25 00:00:00,96659,87544,2544,2794,51785,60900,51,52,296888,,265.3,,1.1041190715525906,0.850328407224959,65.1147907628466,58.9744280671499
2021-01-26 00:00:00,114659,71792,2713,2786,44698,87565,56,44,318714,,269.34,,1.5970999554267884,0.5104550905041969,71.95102819455687,45.05104890277804
2021-01-27 00:00:00,87761,80312,2575,2824,60634,68083,65,41,296790,,265.5,,1.092750771989242,0.8905894276104167,59.14013275379898,54.120421847097276
2021-01-28 00:00:00,110350,65863,2792,2568,38252,82739,48,49,297204,,265.96,,1.6754475198518135,0.46232127533569417,74.25875829396644,44.32174533317183
2021-01-29 00:00:00,117708,72220,3255,2513,39219,84707,44,57,313854,,258.11,,1.6298532262531156,0.4629959743586717,75.00812479688008,46.02139848464573
2021-02-01 00:00:00,109868,65399,3005,2669,39806,84275,61,43,299348,,263.8,,1.6799645254514595,0.4723346188074755,73.40486657669335,43.69429560244264
2021-02-02 00:00:00,115553,66579,3316,2401,47254,96228,60,47,325614,,263.15,,1.7355772841286292,0.4910628922974602,70.97544945856137,40.894433286038065
2021-02-03 00:00:00,101553,64107,3019,2643,53696,91142,44,56,310498,,263.53,,1.584117179091207,0.5891466063944175,65.41298172613028,41.29301960077038
2021-02-04 00:00:00,121455,58115,3184,2575,45405,108745,58,51,333720,,270.11,,2.0899079411511656,0.41753643845694055,72.78856526429341,34.828598825362576
2021-02-05 00:00:00,111747,60705,3292,2585,47779,98821,63,43,319052,,271.7,,1.8408203607610576,0.48349035124113293,70.04939633664732,38.053358073292124
2021-02-08 00:00:00,114587,59905,3481,2460,48159,102841,49,50,325492,,275.2,,1.9128119522577414,0.46828599488530837,70.40848930234844,36.808892384451845
2021-02-09 00:00:00,115522,76036,3284,2854,51152,90638,47,56,333348,,268.98,,1.5193066442211585,0.5643549063306781,69.31015035338444,45.61959273791953
2021-02-10 00:00:00,116054,74505,3194,2890,48428,89977,53,52,328964,,265.9,,1.5576672706529764,0.5382264356446648,70.55726462470058,45.296749796330296
2021-02-11 00:00:00,115019,78850,3062,3131,50171,86340,52,52,330380,,264.7,,1.458706404565631,0.5810864025943943,69.62830679823234,47.73291361462558
2021-02-12 00:00:00,122505,84081,3134,2604,48771,87195,56,51,342552,,266,,1.4569879045206409,0.5593325305350078,71.52490716737897,49.09094093743432
2021-02-15 00:00:00,137526,68615,3680,2197,47685,116596,60,52,370422,,271.81,,2.0043139255264886,0.40897629421249443,74.25368903574842,37.046935657169385
2021-02-16 00:00:00,126072,70260,3425,2425,48434,104246,49,56,349012,,270.9,,1.7943637916310846,0.4646125510810966,72.24508039838172,40.262225940655334
2021-02-17 00:00:00,126386,65859,3331,2468,47077,107604,52,55,346926,,270.9,,1.9190391594163287,0.4375023233337051,72.8604947452771,37.96717455595718
2021-02-18 00:00:00,114175,80399,3017,2860,57834,91610,58,49,344018,,266.99,,1.4201047276707421,0.6313066259142015,66.37734072054369,46.74115889284863
2021-02-19 00:00:00,136642,67322,3134,2619,50926,120246,57,50,375136,,271.34,,2.0296782626778764,0.42351512732232255,72.84931331570417,35.892049816599844
2021-02-20 00:00:00,117141,59855,3029,2397,49593,106879,58,44,333468,,270.51,,1.9570796090552167,0.4640107036929612,70.25621648853863,35.89849700720909
2021-02-22 00:00:00,124952,62616,3070,2504,49626,111962,59,51,349156,,273.71,,1.9955282994761723,0.44323967060252584,71.57373781347019,35.86706228734434
2021-02-24 00:00:00,116693,65148,3243,2471,50177,101722,47,62,333740,,271.9,,1.7911985018726593,0.4932757908810287,69.93048480853359,39.04116977287709
2021-02-25 00:00:00,130149,65583,3147,2617,46704,111270,59,51,353706,,270.71,,1.9844929326197338,0.4197357778376921,73.59162694441146,37.08334040135027
2021-02-26 00:00:00,109578,69388,2928,2547,54303,94493,62,45,327762,,270.17,,1.5792067792701907,0.5746774893378346,66.86437109854101,42.340478762028546
2021-03-01 00:00:00,113258,65612,3113,2593,52510,100156,68,51,331536,,273.58,,1.7261781381454613,0.524282119892967,68.32319868732203,39.58061869600888
2021-03-02 00:00:00,161996,75457,3960,2933,49872,136411,74,59,423736,,279.1,,2.1468651019786105,0.3656010145809356,76.46081522457379,35.61509996790455
2021-03-03 00:00:00,141557,71584,3916,2898,47070,117043,66,56,377254,,278.01,,1.9774949709432275,0.4021598899549738,75.04599023469599,37.95002836285367
2021-03-04 00:00:00,134956,67587,4016,2635,44550,111919,71,56,359012,,274.75,,1.996774527645849,0.39805573673817674,75.18188807059374,37.65166623956859
2021-03-05 00:00:00,117783,63564,3714,2373,47019,101238,54,57,329604,,277.5,,1.8529828204644139,0.46444022995317963,71.4693996432082,38.56992026795791
2021-03-09 00:00:00,143406,67384,3778,2706,50544,126566,67,57,387900,,285.79,,2.128190668407931,0.39934895627577705,73.93967517401391,34.742974993555045
2021-03-10 00:00:00,122623,63688,3535,2582,44474,103409,54,66,334194,,282.24,,1.925370556462756,0.43007861984933615,73.38432168141857,38.11438864850955
2021-03-11 00:00:00,127160,63668,3694,2533,49822,113314,66,54,353964,,286,,1.9972356599861782,0.4396808867395026,71.84911459922478,35.97427987026929
2021-03-12 00:00:00,118236,63677,3282,2511,47783,102342,55,60,332038,,284.93,,1.8568085808062567,0.4668953117976979,71.21835452568682,38.35524849565411
2021-03-15 00:00:00,131419,63862,3374,2616,40975,108532,75,51,344788,,292.74,,2.0578591337571637,0.37753842184793424,76.23177140735756,37.044212675615164
2021-03-16 00:00:00,117729,62902,3320,2466,70919,125746,70,46,377296,,292.33,,1.8716257034752473,0.5639861307715553,62.40670455027353,33.343581697129046
2021-03-17 00:00:00,132894,64206,3417,2104,68610,137298,53,56,403008,,283.35,,2.069806560134567,0.4997159463357077,65.9510481181515,31.863387327298714
2021-03-18 00:00:00,108934,48983,3134,1815,77275,137226,63,41,372418,,279.25,,2.2239144192883247,0.5631221488639179,58.500931748733954,26.305388031727787
2021-03-19 00:00:00,121631,43727,3074,1716,34011,111915,48,45,311284,,285.47,,2.7815994694353603,0.30390028146361076,78.14792922218939,28.094601714190258
2021-03-22 00:00:00,131316,57258,3194,2140,37584,111642,63,45,337800,,288.65,,2.293408781305669,0.3366474982533455,77.74777975133215,33.90053285968028
2021-03-23 00:00:00,115714,52612,3460,1877,29144,92246,35,59,289716,,282.6,,2.199384170911579,0.3159378184419921,79.88098689751342,36.319706195032374
2021-03-24 00:00:00,123900,53772,3358,1910,27742,97870,52,49,303284,,285.79,,2.3041731756304396,0.2834576479002759,81.70559607496604,35.45983302778913
2021-03-25 00:00:00,113703,52604,3162,2021,28183,89282,50,47,283772,,286.66,,2.161489620561174,0.3156627315696333,80.13687044528706,37.07483472647055
2021-03-26 00:00:00,123263,53511,3176,2066,27152,96904,48,51,300830,,291.22,,2.303507690007662,0.2801948319986791,81.9486088488515,35.57557424458997
2021-03-29 00:00:00,141226,56884,3413,2200,27809,112151,56,43,338070,,293.3,,2.4827016384220517,0.24796033918556232,83.54837755494424,33.652202206643594
2021-03-30 00:00:00,128174,56683,3287,2162,29372,100863,52,44,315092,,293.25,,2.2612423477938712,0.2912068845860226,81.35655618041714,35.978698284945345
2021-03-31 00:00:00,133546,56246,3427,2203,31786,109086,45,49,330664,,291.02,,2.3743199516410054,0.2913847789817208,80.77444172936879,34.020032419616285
2021-04-01 00:00:00,129510,65988,3433,2150,30829,94351,40,56,320678,,290.24,,1.9626295690125477,0.3267479941919005,80.77261302615084,41.15530220345643
2021-04-02 00:00:00,136215,52062,3421,2084,30410,114563,52,44,333250,,291.7,,2.6163996773078253,0.2654434677862835,81.74943735933984,31.245011252813203
2021-04-05 00:00:00,125244,62720,3690,2062,29945,92469,42,51,310378,,288.78,,1.996875,0.323838259308525,80.704173620553,40.415235615926385
2021-04-06 00:00:00,136242,65247,3984,2029,31418,102413,39,55,335320,,281.5,,2.088096004413996,0.30677745989278704,81.26088512465705,38.916259095789094
2021-04-07 00:00:00,139400,55260,4209,1921,29461,113601,48,43,337722,,283.98,,2.5226203402099165,0.25933750583181486,82.55310580891975,32.72514079627623
2021-04-08 00:00:00,127212,53092,4098,1939,31232,105352,37,45,316888,,283.89,,2.396067204098546,0.2964537929987091,80.28830375400773,33.50836888743026
2021-04-09 00:00:00,131428,60369,4080,2019,31010,102069,37,49,324876,,281.07,,2.1770776391856748,0.3038140865492951,80.90963937009813,37.16433346876962
2021-04-12 00:00:00,136461,51353,4045,1884,27713,112821,46,39,328348,,281.75,,2.6573131073160283,0.24563689384068568,83.11973881369767,31.27961796630404
2021-04-13 00:00:00,135853,47935,4012,1876,29752,117670,55,35,331210,,287.95,,2.8341086888494837,0.2528426956743435,82.03435886597626,28.94538208387428
2021-04-14 00:00:00,126147,48948,3908,1946,29043,106242,44,42,310380,,287.18,,2.5771635204707035,0.2733664652397357,81.28552097428958,31.540692054900443
2021-04-15 00:00:00,138419,44103,4126,1688,24314,118630,39,49,325466,,283.72,,3.138539328390359,0.20495658770968558,85.05896161196561,27.10144838477752
2021-04-16 00:00:00,153017,47166,4070,1831,29252,135103,53,40,364538,,288.5,,3.244222533180681,0.2165162875731849,83.95119301691456,25.877137637228493
2021-04-19 00:00:00,141810,48615,3827,1901,29299,122494,55,37,342218,,287.72,,2.9170009256402345,0.23918722549675903,82.87699653437282,28.411714170499508
2021-04-20 00:00:00,125017,55690,3613,2096,27966,97293,41,47,305966,,287.42,,2.244873406356617,0.28744102864543186,81.7195374649471,36.40273755907519
2021-04-21 00:00:00,121835,51384,3672,1941,26800,97251,35,47,297270,,289.25,,2.3710688151953914,0.2755755724876865,81.96925354055236,34.57059239075588
2021-04-22 00:00:00,159306,61004,3572,2252,30489,128791,55,41,379590,,292.18,,2.611402530981575,0.23673238036819344,83.93582549592982,32.142047999156986
2021-04-23 00:00:00,140357,53929,3596,2039,28773,115201,49,41,338260,,293.19,,2.602625674497951,0.2497634569144365,82.98764264175486,31.88612310057352
2021-04-26 00:00:00,147429,56180,3744,2054,28815,120064,52,42,352488,,295.27,,2.6242257030971876,0.2399970015991471,83.65050725131069,31.87626245432469
2021-04-27 00:00:00,155868,66568,3625,2330,31246,120546,56,46,374228,,298.5,,2.3414853983896164,0.259203955336552,83.3010891755828,35.57617281443398
2021-04-28 00:00:00,146818,60709,3582,2373,29245,115354,54,44,352126,,298.49,,2.4183893656624225,0.25352393501742465,83.38946854251034,34.48140722355066
2021-04-29 00:00:00,128378,68931,3433,2347,32635,92082,45,47,322026,,297.1,,1.8624131377754567,0.35441237158185096,79.73145025556943,42.810828939278196
2021-04-30 00:00:00,128946,65186,3402,2313,31356,95116,50,45,320604,,297.73,,1.97812413708465,0.3296606249211489,80.43942059362954,40.66449576424499
2021-05-04 00:00:00,145426,74983,3052,2635,30171,100614,48,53,351194,,303.7,,1.9394529426670046,0.2998688055340211,82.81804358844398,42.7017545857845
2021-05-05 00:00:00,139246,82026,3129,2805,30343,87563,52,49,339178,,305.99,,1.697583692975398,0.34652764295421584,82.10791973536018,48.36752383704132
2021-05-06 00:00:00,152568,93457,3171,3193,33001,92112,59,44,371138,,314.72,,1.6324940881902907,0.3582703665103352,82.21631845836319,50.362398892056326
2021-05-07 00:00:00,127246,100122,3296,3603,54222,81346,64,38,362936,,317.94,,1.2709094904216856,0.6665601258820347,70.12035179756211,55.17336389886922
2021-05-10 00:00:00,118832,114266,2595,4057,75475,80041,58,42,388614,,320.19,,1.0399593929952917,0.9429542359540736,61.15682914151317,58.80693953383048
2021-05-11 00:00:00,111407,123411,2784,4224,60702,48698,64,49,344218,,307.16,,0.902731523121926,1.2464988295207196,64.73049056121411,71.70514034710561
2021-05-12 00:00:00,102937,109668,2966,4055,57631,50900,54,53,321136,,302.02,,0.9386238465185833,1.1322396856581531,64.10804145284241,68.30003487618953
2021-05-13 00:00:00,118092,103923,3124,3816,38629,52798,64,50,313442,,306.74,,1.1363413296382898,0.7316375620288648,75.35173971580069,66.31083262613178
2021-05-14 00:00:00,108428,102976,2992,3711,45772,51224,54,52,308400,,304.1,,1.05294437538844,0.893565516164298,70.31647211413748,66.78080415045396
2021-05-17 00:00:00,111300,90955,3350,3474,35191,55536,48,52,292982,,303.94,,1.2236820405695124,0.6336610486891385,75.97736379709333,62.0891385818924
2021-05-18 00:00:00,109034,94457,3391,3474,42037,56614,55,54,302142,,305.78,,1.1543241898429975,0.7425195181403893,72.17401089553918,62.52490550800617
2021-05-19 00:00:00,121702,90667,3012,3132,38953,69988,42,59,321310,,297,,1.3422965356745011,0.5565668400297193,75.7536335626031,56.43584077681989
2021-05-20 00:00:00,132539,74646,3162,2877,32233,90126,48,48,329544,,296.72,,1.7755673445328617,0.3576437432039589,80.43781710484791,45.302599956303254
2021-05-21 00:00:00,137327,81090,3140,2939,37799,94036,59,48,350252,,301.23,,1.6935133801948452,0.4019630779701391,78.41611182805522,46.30380411817777
2021-05-24 00:00:00,121516,82690,2981,3209,42605,81431,46,47,328242,,300.7,,1.4695368242834683,0.5232036939249181,74.04049451319453,50.3835584721029
2021-05-25 00:00:00,140197,90288,3199,3166,37388,87297,63,46,355170,,306.8,,1.5527755626439836,0.4282850498871668,78.94642002421377,50.84213193681899
2021-05-26 00:00:00,123368,88759,2968,3245,48968,83577,50,48,344672,,307.01,,1.389921022093534,0.5859028201538701,71.58573948565594,51.50345836041221
2021-05-27 00:00:00,146019,89558,3284,3220,38764,95225,69,46,369566,,312.72,,1.6304406083208647,0.40707797322131795,79.02187971837236,48.46657971783119
2021-05-28 00:00:00,124132,75123,3304,3027,42817,91826,56,49,333898,,309.56,,1.6523834245171252,0.46628405898111647,74.35324560195029,44.997574109458576
2021-05-31 00:00:00,119308,77373,3367,3076,49642,91577,54,49,337900,,310.79,,1.5419849301435902,0.5420793430664905,70.61734240899675,45.79638946433856
2021-06-01 00:00:00,118829,79002,3209,2989,52362,92189,53,48,342382,,311.6,,1.5041264778106884,0.5679853344759136,69.41311167059015,46.148454065926366
2021-06-02 00:00:00,125284,76533,3336,2920,43353,92104,58,58,337274,,313.98,,1.6369931924790613,0.47069616954746807,74.29211857421562,45.383278877114755
2021-06-03 00:00:00,122032,77119,3334,2966,37334,82247,49,52,318732,,312.41,,1.582385663714519,0.453925371138157,76.57342218540968,48.39112483214738
2021-06-04 00:00:00,120544,72329,3245,2922,36474,84689,43,56,314036,,310.94,,1.6666067552434016,0.4306816705829565,76.7708160847801,46.06414551197952
2021-06-07 00:00:00,150587,75124,3372,3060,40157,115620,57,47,381488,,315.53,,2.0045125392684096,0.3473188029752638,78.94717527156817,39.38472507654238
2021-06-08 00:00:00,128842,71563,3288,2920,39218,96497,59,43,336120,,314.83,,1.8003996478627224,0.4064167797962631,76.66428656432227,42.58181601808878
2021-06-09 00:00:00,133807,71326,3311,2902,41395,103876,52,55,350404,,314.78,,1.8759919244034433,0.39850398552119837,76.3729866097419,40.71072248033698
2021-06-10 00:00:00,142032,68984,3952,2808,42374,115422,63,49,368812,,314.62,,2.0589122115273106,0.3671223856803729,77.0213550535232,37.408761103217905
2021-06-11 00:00:00,134268,69352,3806,2785,40861,105777,51,53,350258,,313,,1.9360364517245356,0.3862938067821927,76.66805611863255,39.60052304301401
2021-06-14 00:00:00,142980,69763,3683,2750,40603,113820,60,50,367166,,314.12,,2.0495104855009103,0.35672992444210155,77.88302838498117,38.00079528060877
2021-06-15 00:00:00,128574,70633,3455,2768,42879,100820,61,43,342906,,312.51,,1.8203106196820182,0.4253025193414005,74.9908138090322,41.196712801759084
2021-06-16 00:00:00,109865,62198,2704,2580,48737,96404,48,48,317204,,311.61,,1.7663751246020771,0.5055495622588274,69.27087930795324,39.21640332404383
2021-06-17 00:00:00,107920,62339,2225,2362,73648,119229,55,39,363136,,313.9,,1.7311795184395002,0.6177020691274774,59.43778639407825,34.33369316179062
2021-06-18 00:00:00,89373,69126,2130,2102,47497,67744,35,43,273740,,309.3,,1.2928999218817812,0.7011248228625413,65.29772777087747,50.504858624972606
2021-06-21 00:00:00,99238,61337,2492,2094,35272,73173,37,43,269020,,310.4,,1.6179141464368978,0.48203572355923635,73.77741431863802,45.60032711322578
2021-06-22 00:00:00,98554,60617,2585,2120,36462,74399,38,40,270032,,309.73,,1.6258475345200192,0.49008723235527357,72.9943117852699,44.89616045505718
2021-06-23 00:00:00,101918,61685,2792,2025,41287,81520,39,39,286410,,309.79,,1.652233119883278,0.5064646712463199,71.16930274780908,43.07461331657414
2021-06-24 00:00:00,97533,59874,2666,2126,42793,80452,39,41,280652,,310,,1.628970838761399,0.531907224183364,69.50458218719268,42.66778786539914
2021-06-25 00:00:00,117042,57148,2822,2055,29037,88931,60,35,292158,,311.81,,2.0480506754392103,0.3265115651460121,80.12239952354547,39.12129738018469
2021-06-28 00:00:00,108296,71720,2866,2166,47967,84543,46,36,312526,,309.48,,1.5099832682654768,0.5673680848798837,69.30367393432867,45.89698137114992
2021-06-29 00:00:00,106686,71894,2707,2269,47611,82403,36,40,308594,,306.1,,1.4839346816145993,0.577782362292635,69.14327563076405,46.594554657575976
2021-06-30 00:00:00,110852,69757,2899,2122,40810,81905,32,45,303324,,306.45,,1.5891165044368307,0.4982601794762225,73.09147973783809,45.99504160567578
2021-07-01 00:00:00,109197,69573,2947,2161,44046,83670,36,40,306486,,305.78,,1.5695312836876374,0.5264252420222302,71.25741469430903,45.40044243456471
2021-07-02 00:00:00,115569,65402,3049,2072,38264,88431,51,37,307666,,307.39,,1.7670560533317023,0.43269894041682216,75.12627329636685,42.514935026944805
2021-07-05 00:00:00,117827,68147,3160,2072,37548,87228,40,43,310750,,307,,1.729012282272147,0.4304581097812629,75.83395012067578,43.859694288012875
2021-07-06 00:00:00,126698,83475,3207,2272,44864,88087,39,45,343124,,303.34,,1.5177957472297094,0.5093146548298841,73.8496869936233,48.655879507116964
2021-07-07 00:00:00,122704,77495,3390,2216,36885,82094,47,39,319178,,304.06,,1.5833795728756694,0.449302019636027,76.88750477789823,48.55911121693851
2021-07-08 00:00:00,122210,74989,3300,2114,38401,85622,40,39,321222,,302.63,,1.6297056901678912,0.4484945457943052,76.09067872063558,46.68982821849064
2021-07-09 00:00:00,121718,69619,3272,2108,34789,86888,44,40,313014,,303.56,,1.748344561111191,0.40038900653715126,77.77160127023073,44.48299437085881
2021-07-12 00:00:00,138339,67576,3491,2055,27857,98620,45,36,332392,,306.23,,2.0471617142180656,0.2824680592171973,83.23846542636404,40.66042504031385
2021-07-13 00:00:00,135832,68613,3930,1896,28028,95247,30,43,327720,,303,,1.9796831504233892,0.2942664860835512,82.89515440009765,41.87294031490297
2021-07-14 00:00:00,139504,69697,3932,2098,28013,97820,32,44,335034,,301.5,,2.001578260183365,0.286372929871192,83.27751810264033,41.60592656267722
2021-07-15 00:00:00,140653,69952,3804,2085,26245,96946,39,37,333796,,301.72,,2.010707342177493,0.2707177191426155,84.27482654076142,41.9130247216863
2021-07-16 00:00:00,138238,76778,3698,2007,32378,93838,46,35,341232,,298.85,,1.800489723618745,0.34504145442144973,81.02288179303231,45.000468889201485
2021-07-19 00:00:00,146720,76104,3602,1950,28610,99226,32,46,350660,,291.46,,1.927888153053716,0.2883316872593877,83.68219928135517,43.406148405863235
2021-07-20 00:00:00,147737,58638,3731,1806,28198,117297,42,39,351870,,296.1,,2.519475425492002,0.24039830515699465,83.97248983999772,33.32935459118425
2021-07-21 00:00:00,143598,61625,3834,1936,28888,110861,33,40,344972,,294.86,,2.3301906693711967,0.260578562343836,83.25197407325811,35.72753730737567
2021-07-22 00:00:00,148106,56236,3845,1779,26335,118205,41,40,348882,,297.27,,2.6336510420371293,0.22279091408992852,84.90320509513245,32.23783399544832
2021-07-23 00:00:00,145797,60163,3795,1869,28444,114078,50,28,348482,,296.38,,2.4233665209514155,0.24933817212784234,83.67548395612972,34.528612668660074
2021-07-26 00:00:00,169085,57351,4171,2028,27425,139159,53,33,393020,,303.34,,2.948248504821189,0.1970767251848605,86.04396722813088,29.184774311739858
2021-07-27 00:00:00,149239,53438,4421,2051,28618,124419,40,34,355714,,299.71,,2.7927504771885174,0.23001310089295043,83.90954530887174,30.045485980310023
2021-07-28 00:00:00,152826,54183,4699,1915,29545,128188,48,38,364742,,302.9,,2.820552571839876,0.2304817923674603,83.79950759715086,29.710315784856146
2021-07-29 00:00:00,153612,53057,4822,1974,31815,132370,48,33,370854,,303.12,,2.895225889138097,0.24034902168164993,82.8423045187594,28.613416600602932
2021-07-30 00:00:00,170504,58527,4724,2157,29226,141203,54,37,399460,,305.59,,2.9132537119620006,0.20697860527042627,85.36724578180544,29.303059129825265
2021-08-02 00:00:00,156824,58082,4383,2251,32648,131390,55,30,378944,,306.51,,2.70004476429875,0.24848161960575385,82.76895794629286,30.654661374767777
2021-08-03 00:00:00,164365,65477,4265,2388,31579,130467,65,34,391888,,309.89,,2.510270782106694,0.24204588133397717,83.88366063773323,33.41618013309925
2021-08-04 00:00:00,161872,71383,3918,2536,33145,123634,66,32,390034,,311.1,,2.2676547637392654,0.2680896840674895,83.00404580113529,36.60347559443536
2021-08-05 00:00:00,152629,78578,3655,2696,39656,113707,81,27,384570,,315.82,,1.9423884547837817,0.3487560132621562,79.37644642067764,40.86538211508958
2021-08-06 00:00:00,136177,93876,3195,3148,55176,97477,76,31,382706,,319.15,,1.4506050534747965,0.5660412199800978,71.16533318003899,49.05906884135603
2021-08-09 00:00:00,129534,117459,2856,3569,83439,95514,76,27,425946,,326.91,,1.102801828723214,0.8735787423833156,60.82179431195504,55.1520615289262
2021-08-10 00:00:00,102129,126593,2860,3766,115206,90742,70,33,434670,,330.11,,0.8067507682099326,1.269599523924974,46.99151080129754,58.24786619734511
2021-08-11 00:00:00,107619,127306,2598,3826,115208,95521,51,44,445654,,329.9,,0.8453568567074607,1.2061012761591692,48.29710941672239,57.13221467775449
2021-08-12 00:00:00,103949,122808,2639,3813,114086,95227,49,42,436070,,328.57,,0.8464350856621718,1.1980425719596333,47.67537321989589,56.3249019652808
2021-08-13 00:00:00,107217,116617,2663,3765,103324,93924,56,43,421082,,328.68,,0.9193942564120154,1.1000809164856693,50.92452301451974,55.38921160249073
2021-08-16 00:00:00,124264,120024,2830,3845,95435,99675,62,42,439398,,329.36,,1.0353262680797173,0.9574617506897417,56.561022125726566,54.63110892630372
2021-08-17 00:00:00,150657,130592,2890,3740,84276,104341,68,44,469866,,334.5,,1.1536464714530752,0.8076978369001638,64.1276449030149,55.58691201321228
2021-08-18 00:00:00,134717,133145,2820,3942,93493,95065,75,35,456420,,334.9,,1.0118066769311653,0.9834639457213485,59.032031900442576,58.34319267341483
2021-08-19 00:00:00,112084,107911,2597,3468,95656,99829,56,43,415480,,332.69,,1.0386707564567097,0.9581985194682908,53.9539809377106,51.94521998652162
2021-08-20 00:00:00,109543,107412,2396,3424,101584,103715,44,57,422254,,325.67,,1.01983949651808,0.9794533095502097,51.884884453433244,50.87553936730025
2021-08-23 00:00:00,128837,99634,2708,3224,78589,107792,49,51,414852,,329.22,,1.2931027560872794,0.7290800801543714,62.112271364245565,48.03351556699739
2021-08-24 00:00:00,143066,99652,2738,3208,71253,114667,38,58,428638,,324.83,,1.4356560831694296,0.6213906354923386,66.75376424862006,46.49704412581246
2021-08-25 00:00:00,146656,91669,2874,3115,62886,117873,50,47,419084,,324.57,,1.599842913089485,0.5335064009569621,69.98883278769888,43.74731557396608
2021-08-26 00:00:00,151582,90980,2881,3159,56249,116851,50,53,415662,,322.54,,1.6661024400967246,0.48137371524419986,72.9352214058538,43.775952576853314
2021-08-27 00:00:00,162305,87231,3067,2910,52327,127401,62,44,429264,,327.41,,1.8606344074927492,0.4107267603864962,75.620131201312,40.64212233031421
2021-08-30 00:00:00,161107,84374,3168,2958,50223,126956,60,47,422660,,328.28,,1.9094389266835754,0.3955937490154069,76.23479865613022,39.92523541380779
2021-08-31 00:00:00,161950,86954,3320,2905,45622,120618,60,42,415144,,327.94,,1.8624790118913448,0.3782354209156179,78.02112038232517,41.89100649413216
2021-09-01 00:00:00,170351,88457,2925,3019,44368,126262,60,54,429438,,334.57,,1.9258057587302304,0.3513963029256625,79.33671449662117,41.196633739911235
2021-09-02 00:00:00,173704,83380,3300,2948,36027,126351,50,55,419462,,329,,2.0832813624370354,0.2851342688225657,82.82228187535462,39.755687046740825
2021-09-03 00:00:00,187883,78979,3294,2849,32131,141035,50,57,440028,,329.71,,2.3788981881259574,0.22782288084518026,85.39592934995046,35.8972610833856
2021-09-06 00:00:00,179302,83244,3325,3047,32380,128438,38,58,423364,,329.37,,2.1539330161933594,0.2521060745262306,84.7034702997893,39.32502527375969
2021-09-07 00:00:00,175146,84355,3255,3164,35724,126515,35,59,421740,,325.96,,2.0762966036393813,0.2823696794846461,83.05875657988334,40.00331958078437
2021-09-08 00:00:00,183140,82622,3173,3196,32945,133463,60,52,432170,,331.7,,2.2166009053278786,0.24684744086375998,84.75368489251915,38.235879399310456
2021-09-09 00:00:00,165681,75078,3224,2918,36851,127454,50,55,405064,,326.01,,2.206784943658595,0.28913176518587097,81.80485059151147,37.069697628029154
2021-09-10 00:00:00,163260,75134,3178,2893,37724,125850,41,56,401968,,326.25,,2.17291772033966,0.29975367500993244,81.23034669426423,37.38307526967321
2021-09-13 00:00:00,163285,73060,3410,2774,39004,129229,53,54,404578,,327.41,,2.2349438817410348,0.3018207987371256,80.71867476728839,36.116644997997916
2021-09-14 00:00:00,161584,68588,3862,2626,33975,126971,53,53,391118,,326.48,,2.355863999533446,0.2675807861637697,82.62672646106802,35.07279133151632
2021-09-15 00:00:00,152545,71965,3365,2670,57781,138361,60,46,420652,,333.51,,2.1197109706107136,0.4176104538128519,72.52788528284663,34.21593145878303
2021-09-16 00:00:00,127832,66081,3579,2001,72387,134138,46,54,400438,,326.99,,1.9344743572282501,0.539645737971343,63.8460885330563,33.00436022555302
2021-09-17 00:00:00,116823,66493,3558,2261,29417,79747,47,40,292480,,329.56,,1.7569217812401305,0.3688790800907871,79.88443654266958,45.468408096280086
2021-09-20 00:00:00,109866,72074,3539,2493,32874,70666,51,44,285480,,326.92,,1.5243499736382051,0.46520250191039536,76.9693148381673,50.49320442763066
2021-09-21 00:00:00,135215,83669,3891,2547,28181,79727,30,64,326792,,323.25,,1.6160704681542746,0.3534687119796305,82.7529437685133,51.20627187936058
2021-09-22 00:00:00,143963,73418,3991,2424,27473,98018,47,52,342872,,327.8,,1.9608679070527664,0.28028525372890695,83.97477775963041,42.8253109031942
2021-09-23 00:00:00,135385,70866,4091,2401,24756,89275,42,51,320282,,327.02,,1.910436598650975,0.2773004760571269,84.54112313523707,44.252252702306095
2021-09-24 00:00:00,139498,66879,4117,2280,24555,97174,40,51,328106,,325.44,,2.085826642144769,0.2526910490460411,85.03227615465734,40.766703443399386
2021-09-27 00:00:00,146539,68115,3847,2568,27213,105637,59,44,347504,,331.68,,2.151346986713646,0.25760860304628114,84.33802200837977,39.202426446889824
2021-09-28 00:00:00,112422,75935,3328,2877,38528,75015,50,36,301900,,329.3,,1.480503061829196,0.5136039458774911,74.47631666114609,50.30473666777079
2021-09-29 00:00:00,114711,68118,3341,2751,34396,80989,43,52,298214,,328.43,,1.6840042279573681,0.42469965056983044,76.93200185101973,45.68397191278746
2021-09-30 00:00:00,163437,103415,4491,3541,30577,90599,64,42,388028,,340.99,,1.5803993617947105,0.33749820638196887,84.2397971280423,53.30285443318523
2021-10-01 00:00:00,165173,85835,5056,3233,25526,104864,43,50,381398,,338.48,,1.9243082658589155,0.24342004882514495,86.61450767964173,45.01072370594497
2021-10-04 00:00:00,171303,100479,4503,3608,35933,106757,60,45,414472,,345.85,,1.704863702863285,0.3365868280300121,82.6608311297265,48.48530178154375
2021-10-05 00:00:00,171469,108044,3745,3472,33472,96897,60,48,409882,,363.2,,1.587029358409537,0.34543897127878054,83.66749454721115,52.71956319135751
2021-10-06 00:00:00,119974,105159,2554,3539,57573,72388,62,32,355094,,364.28,,1.1408819026426649,0.79533900646516,67.57309332176831,59.228823917047315
2021-10-07 00:00:00,114342,105290,2678,3616,66599,75651,60,39,361882,,368.93,,1.0859720771203343,0.8803452697254498,63.192974505501795,58.19023880712497
2021-10-08 00:00:00,120935,98456,2747,3615,56947,79426,58,40,355764,,373.01,,1.2283151864792394,0.7169818447359807,67.98608066021295,55.349051618488666
2021-10-11 00:00:00,138048,120619,2849,3901,59612,77041,60,48,395320,,387.6,,1.1444963065520357,0.773769810879921,69.84114135383993,61.023474653445305
2021-10-12 00:00:00,119915,107160,2575,3851,60237,72992,49,45,360304,,377.79,,1.1190276222471072,0.8252548224462954,66.56323549003064,59.48310315733381
2021-10-13 00:00:00,150427,108266,3649,3745,46070,88231,59,46,392994,,378.8,,1.389420501357767,0.5221520780677993,76.5543494302712,55.09804220929582
2021-10-14 00:00:00,147576,108188,3852,3567,44372,83760,45,48,383896,,376.09,,1.3640699523052464,0.5297516714422159,76.88332256652843,56.36318169504241
2021-10-15 00:00:00,147920,102081,3888,3563,35930,81769,40,57,367700,,371.82,,1.4490453659348947,0.43940857782289133,80.45689420723416,55.52406853413109
2021-10-18 00:00:00,150367,92507,4008,3427,27595,85455,33,62,355924,,364.6,,1.6254661809376587,0.3229184951143877,84.49388071610794,51.98132185522753
2021-10-19 00:00:00,154601,86614,3463,3216,28597,96584,48,47,366396,,373.18,,1.7849423880665942,0.2960842375548745,84.3901134291859,47.278900424677126
2021-10-20 00:00:00,141607,84363,3487,3073,26686,83930,38,53,336586,,370.16,,1.6785439114303664,0.3179554390563565,84.14313132453518,50.128644685162186
2021-10-21 00:00:00,136496,91281,3254,3347,32375,77590,46,44,337742,,364.6,,1.4953385699104962,0.41725737852816086,80.82856144631108,54.05368594963019
2021-10-22 00:00:00,146900,85185,3486,3039,31561,93276,45,49,356922,,364.37,,1.7244820097434994,0.3383614220163815,82.31490353634688,47.73311816027031
2021-10-25 00:00:00,157811,88615,3583,3143,35094,104290,54,50,385810,,369.99,,1.7808610280426564,0.3365039792885224,81.80762551514994,45.93711930743112
2021-10-26 00:00:00,152707,83025,3792,3028,37592,107274,56,49,380598,,372.16,,1.8392893706714846,0.3504297406640938,80.24582367747597,43.62871060804313
2021-10-27 00:00:00,149857,86809,3770,3228,41062,104110,54,47,381838,,371.36,,1.7262841410452834,0.3944097589088464,78.49244967761197,45.469020893677424
2021-10-28 00:00:00,145247,95494,4186,3084,53062,102815,44,51,396618,,365.36,,1.5210065553856786,0.5160920099207315,73.24276760005849,48.15414328144462
2021-10-29 00:00:00,142884,91039,3823,3177,60120,111965,43,50,406008,,356.14,,1.5694812113489822,0.536953512258295,70.38482000354674,44.84591436621939
2021-11-01 00:00:00,149292,101338,3691,3593,55957,103911,56,38,410498,,370.96,,1.4732084706625352,0.5385089162841278,72.73701698912053,49.373200356639984
2021-11-02 00:00:00,142956,94691,3382,3694,54951,103216,57,44,395814,,370.7,,1.5097105321519468,0.5323883893969927,72.23392805711774,47.8462105938648
2021-11-03 00:00:00,133175,86409,3153,3549,57615,104381,48,50,381580,,370.13,,1.5412167714011271,0.5519682700874681,69.8018764086168,45.29010954452539
2021-11-05 00:00:00,143496,80930,3608,3022,47299,109865,39,54,381590,,360.21,,1.773087853700729,0.4305192736540299,75.20951806913179,42.41725412091512
2021-11-08 00:00:00,144804,80557,4036,2958,45899,110146,35,57,381406,,358.39,,1.797534664895664,0.4167105478183502,75.93168434686397,42.24212518943069
2021-11-09 00:00:00,151610,71569,4479,2810,45295,125336,43,53,393810,,357.44,,2.1183752742109014,0.3613885874768622,76.99652116502882,36.34696935070211
2021-11-10 00:00:00,145905,73306,4274,2886,45142,117741,42,50,382094,,348.65,,1.9903554961394703,0.3834008544177474,76.3712594283082,38.37066271650432
2021-11-11 00:00:00,148095,74686,4307,2837,44386,117795,56,39,384962,,356.24,,1.9829017486543663,0.37680716499002503,76.94006161647124,38.80175186122267
2021-11-12 00:00:00,133363,70935,4478,2593,55115,117543,45,44,376956,,347.59,,1.8800733065482484,0.4688922351820185,70.75786033383207,37.63569222933181
2021-11-15 00:00:00,151271,66148,5812,2657,45950,131073,46,45,394442,,344.39,,2.286856745479833,0.35056800408932426,76.70126406417167,33.540038839677315
2021-11-16 00:00:00,181638,66773,6437,2558,33556,148421,40,54,430388,,337.91,,2.7202312311862578,0.22608660499525,84.40662843759584,31.02921085160367
2021-11-17 00:00:00,181303,52465,7340,2240,38747,167585,47,47,440100,,339.89,,3.4556942723720576,0.2312080436793269,82.39172915246536,23.842308566234944
2021-11-18 00:00:00,191216,59352,6549,2287,35097,166961,42,51,452626,,336.93,,3.2217279956867504,0.21021076778409328,84.49183210862832,26.225625571664025
2021-11-19 00:00:00,200638,62743,6525,2108,41792,179687,42,51,484860,,327.56,,3.1977750506032545,0.23258221240267798,82.76120942127625,25.880872829270306
2021-11-22 00:00:00,218193,57290,6729,1845,35151,196054,39,60,506688,,309.15,,3.808570431139815,0.1792924398380038,86.12518946570671,22.61352153593533
2021-11-23 00:00:00,198789,41379,6215,1781,39165,196575,55,43,475908,,326.84,,4.804103530776481,0.19923693246852348,83.54093648352202,17.389495448700167
2021-11-24 00:00:00,180761,45877,5935,2178,38436,173320,38,50,438394,,321.22,,3.9401225014713255,0.2217632125548119,82.46508848205039,20.929574766078
2021-11-25 00:00:00,196062,43587,6100,2136,36517,188992,38,49,465158,,317.29,,4.498176061669764,0.19321981882831019,84.29909837087614,18.740728956612593
2021-11-26 00:00:00,177608,38258,5993,1763,38782,178132,51,43,432780,,304.42,,4.642375450886089,0.2177149529562347,82.07773002449281,17.68011460788391
2021-11-29 00:00:00,174812,41172,5687,2012,46852,180492,66,32,443328,,316.57,,4.245895268629165,0.2595793719389225,78.86350512487368,18.574058033780858
2021-11-30 00:00:00,163566,43363,5480,2059,55161,175364,69,24,437454,,315,,3.772017618707193,0.3145514472753815,74.78089124799408,19.825170189322762
2021-12-01 00:00:00,161722,46447,5411,2155,58148,173423,76,27,439740,,324.4,,3.4818610459233104,0.33529577968320234,73.55346341019694,21.124755537362987
2021-12-02 00:00:00,150960,44049,5220,2074,67299,174210,63,39,436518,,326.8,,3.4270925560171626,0.3863096263130704,69.16553269280992,20.18198562258601
2021-12-03 00:00:00,155424,48939,5311,2191,74014,180499,59,38,458876,,320.66,,3.1758720039232515,0.4100521332528158,67.74117626548349,21.329945344711863
2021-12-06 00:00:00,203974,62646,6414,1835,67567,208895,50,60,543082,,307.5,,3.255978035309517,0.32344957993250195,75.11720145392408,23.070549198831852
2021-12-07 00:00:00,223038,38512,6925,1562,52094,236620,48,56,550264,,309.79,,5.791389696717906,0.22015890457273266,81.06581568120029,13.997644766875537
2021-12-08 00:00:00,329531,56229,8350,1742,59530,332832,42,72,778122,,296.95,,5.860516815166551,0.17885900394192866,84.69905747427782,14.452489455381032
2021-12-09 00:00:00,274277,45957,7535,2076,62987,291307,75,44,674528,,300.4,,5.9681223752638335,0.2162220612618303,81.32412590730111,13.626417287347598
2021-12-10 00:00:00,279779,41672,7447,1899,56220,294327,59,58,671998,,297.44,,6.7138366289114995,0.1910120376316138,83.26780734466472,12.402417864338881
2021-12-13 00:00:00,294480,52151,7538,1856,54020,296349,54,60,697000,,280.64,,5.646679833560238,0.182285076042099,84.49928263988522,14.96441893830703
2021-12-14 00:00:00,291025,31961,8185,1637,59447,318511,58,51,700944,,284.9,,9.105628735020806,0.1866403358125779,83.03801730238078,9.11941610171426
2021-12-15 00:00:00,251880,33160,6986,1739,98491,317211,71,51,700742,,286.65,,7.595898673100121,0.31049049370923454,71.88951140362644,9.464253605463922
2021-12-16 00:00:00,227431,48112,6171,1719,148987,328306,80,40,752836,,295.89,,4.727115896242101,0.4538052914049698,60.419799265709926,12.781535420729085
2021-12-17 00:00:00,212348,42958,6557,1641,54650,224040,56,52,533996,,294.9,,4.943153778108851,0.24392965541867523,79.53168188525757,16.08925909557375
2021-12-20 00:00:00,229761,43221,6853,1749,57548,244088,59,41,574618,,288.4,,5.315957520649684,0.2357674281406706,79.96999745918157,15.043385344698565
2021-12-21 00:00:00,233759,44216,7261,1600,57534,247077,61,44,582586,,291.7,,5.286751402207345,0.23285858254714117,80.24875297380987,15.179218175514
2021-12-22 00:00:00,250182,40051,6618,1468,64614,274745,68,50,629592,,294,,6.246585603355721,0.23517807421427142,79.47432623032059,12.722842729894914
2021-12-23 00:00:00,237780,37589,7433,1564,58804,258995,79,34,593168,,292.8,,6.325786799329591,0.22704685418637424,80.1729021120492,12.67398106438648
2021-12-24 00:00:00,235050,39769,6407,1635,56175,251456,74,29,582450,,293.89,,5.910382458698987,0.22339892466276406,80.71079062580479,13.655764443299853
2021-12-27 00:00:00,234647,41925,6583,1546,57514,250236,68,37,584322,,295.68,,5.5968276684555756,0.2298390319538356,80.31427877095163,14.349964574327167
2021-12-28 00:00:00,238974,42439,6745,1466,54808,251343,70,37,587564,,295,,5.630999787930913,0.2180605785719117,81.34398976111538,14.445745484747194
2021-12-29 00:00:00,234797,39809,6475,1526,55741,250729,71,37,581076,,293.51,,5.898088371976186,0.22231572733907926,80.81455782031955,13.701822136863337
2021-12-30 00:00:00,235731,35344,6557,1214,52246,252633,55,47,575954,,293.49,,6.669618605703938,0.20680592005003307,81.8575789038708,12.273202373800686
2022-01-03 00:00:00,258773,41471,6364,1510,54094,271396,67,46,625734,,305.47,,6.239854356056039,0.19931760232280504,82.7102251116289,13.25515314814282
2022-01-04 00:00:00,246977,41571,6422,1527,55637,261043,55,52,605228,,304.24,,5.941088739746458,0.21313346843240386,81.61453204412221,13.737302305907855
2022-01-05 00:00:00,241800,47262,6444,1605,57307,251845,58,50,598214,,287.01,,5.116160974990478,0.22754869066290775,80.84063562537821,15.801034412434344
2022-01-06 00:00:00,246465,48961,6606,1477,51513,249017,53,50,595956,,293.92,,5.033904536263557,0.20686539473208657,82.7124821295532,16.4310788044755
